MapDate,StateAbbreviation,None,D0,D1,D2,D3,D4,ValidStart,ValidEnd,StatisticFormatID
20230425,AZ,82.05,17.95,1.46,0.00,0.00,0.00,2023-04-25,2023-05-01,1
20230418,AZ,82.05,17.95,1.46,0.00,0.00,0.00,2023-04-18,2023-04-24,1
20230411,AZ,82.05,17.95,1.86,0.00,0.00,0.00,2023-04-11,2023-04-17,1
20230404,AZ,81.37,18.63,7.50,0.00,0.00,0.00,2023-04-04,2023-04-10,1
20230328,AZ,80.38,19.62,7.52,0.03,0.00,0.00,2023-03-28,2023-04-03,1
20230321,AZ,75.49,24.51,8.33,0.03,0.00,0.00,2023-03-21,2023-03-27,1
20230314,AZ,70.99,29.01,9.11,0.03,0.00,0.00,2023-03-14,2023-03-20,1
20230307,AZ,67.64,32.36,13.09,0.36,0.00,0.00,2023-03-07,2023-03-13,1
20230228,AZ,67.64,32.36,13.09,1.19,0.00,0.00,2023-02-28,2023-03-06,1
20230221,AZ,62.65,37.35,20.59,1.19,0.00,0.00,2023-02-21,2023-02-27,1
20230214,AZ,62.39,37.61,20.59,1.19,0.00,0.00,2023-02-14,2023-02-20,1
20230207,AZ,42.37,57.63,21.33,1.19,0.00,0.00,2023-02-07,2023-02-13,1
20230131,AZ,42.37,57.63,21.33,1.15,0.00,0.00,2023-01-31,2023-02-06,1
20230124,AZ,42.37,57.63,21.33,1.15,0.00,0.00,2023-01-24,2023-01-30,1
20230117,AZ,42.20,57.80,21.33,1.15,0.00,0.00,2023-01-17,2023-01-23,1
20230110,AZ,27.66,72.34,31.69,1.16,0.00,0.00,2023-01-10,2023-01-16,1
20230103,AZ,12.40,87.60,38.94,7.85,0.00,0.00,2023-01-03,2023-01-09,1
20221227,AZ,12.40,87.60,38.96,7.85,0.00,0.00,2022-12-27,2023-01-02,1
20221220,AZ,12.40,87.60,38.96,7.85,0.00,0.00,2022-12-20,2022-12-26,1
20221213,AZ,12.42,87.58,38.96,7.85,0.00,0.00,2022-12-13,2022-12-19,1
20221206,AZ,9.56,90.44,43.45,10.56,0.00,0.00,2022-12-06,2022-12-12,1
20221129,AZ,0.00,100.00,46.85,10.56,0.00,0.00,2022-11-29,2022-12-05,1
20221122,AZ,0.00,100.00,46.83,12.78,0.00,0.00,2022-11-22,2022-11-28,1
20221115,AZ,0.00,100.00,46.83,12.78,0.00,0.00,2022-11-15,2022-11-21,1
20221108,AZ,0.00,100.00,46.83,12.78,0.00,0.00,2022-11-08,2022-11-14,1
20221101,AZ,0.00,100.00,46.83,12.78,0.00,0.00,2022-11-01,2022-11-07,1
20221025,AZ,0.00,100.00,46.83,12.78,0.00,0.00,2022-10-25,2022-10-31,1
20221018,AZ,0.00,100.00,46.83,12.78,0.00,0.00,2022-10-18,2022-10-24,1
20221011,AZ,0.00,100.00,56.70,18.40,0.00,0.00,2022-10-11,2022-10-17,1
20221004,AZ,0.00,100.00,56.70,18.33,0.00,0.00,2022-10-04,2022-10-10,1
20220927,AZ,0.00,100.00,56.72,18.47,0.00,0.00,2022-09-27,2022-10-03,1
20220920,AZ,0.00,100.00,63.81,23.00,0.00,0.00,2022-09-20,2022-09-26,1
20220913,AZ,0.00,100.00,66.12,23.00,0.00,0.00,2022-09-13,2022-09-19,1
20220906,AZ,0.00,100.00,66.88,23.48,0.51,0.00,2022-09-06,2022-09-12,1
20220830,AZ,0.00,100.00,66.88,23.48,2.89,0.00,2022-08-30,2022-09-05,1
20220823,AZ,0.00,100.00,73.22,28.67,2.89,0.00,2022-08-23,2022-08-29,1
20220816,AZ,0.00,100.00,84.98,33.58,3.31,0.00,2022-08-16,2022-08-22,1
20220809,AZ,0.00,100.00,89.68,55.32,11.35,0.39,2022-08-09,2022-08-15,1
20220802,AZ,0.00,100.00,90.06,59.65,14.41,1.32,2022-08-02,2022-08-08,1
20220726,AZ,0.00,100.00,93.05,60.37,16.64,2.08,2022-07-26,2022-08-01,1
20220719,AZ,0.00,100.00,98.48,67.85,25.90,3.01,2022-07-19,2022-07-25,1
20220712,AZ,0.00,100.00,98.48,67.83,25.90,3.01,2022-07-12,2022-07-18,1
20220705,AZ,0.00,100.00,98.48,69.79,25.90,3.01,2022-07-05,2022-07-11,1
20220628,AZ,0.00,100.00,98.48,71.71,26.21,3.01,2022-06-28,2022-07-04,1
20220621,AZ,0.00,100.00,98.48,77.90,26.77,3.01,2022-06-21,2022-06-27,1
20220614,AZ,0.00,100.00,98.48,77.90,26.77,3.01,2022-06-14,2022-06-20,1
20220607,AZ,0.00,100.00,98.48,77.90,26.77,3.01,2022-06-07,2022-06-13,1
20220531,AZ,0.00,100.00,98.48,77.88,26.77,3.01,2022-05-31,2022-06-06,1
20220524,AZ,0.00,100.00,98.48,77.88,26.77,3.01,2022-05-24,2022-05-30,1
20220517,AZ,0.00,100.00,98.48,67.47,21.33,3.01,2022-05-17,2022-05-23,1
20220510,AZ,0.00,100.00,98.48,62.23,17.65,0.00,2022-05-10,2022-05-16,1
20220503,AZ,0.00,100.00,98.48,62.22,10.26,0.00,2022-05-03,2022-05-09,1
20220426,AZ,0.00,100.00,98.48,62.22,6.28,0.00,2022-04-26,2022-05-02,1
20220419,AZ,0.00,100.00,86.42,59.77,6.28,0.00,2022-04-19,2022-04-25,1
20220412,AZ,0.00,100.00,86.42,59.77,6.28,0.00,2022-04-12,2022-04-18,1
20220405,AZ,0.00,100.00,86.42,59.77,6.28,0.00,2022-04-05,2022-04-11,1
20220329,AZ,0.00,100.00,75.35,29.49,6.28,0.00,2022-03-29,2022-04-04,1
20220322,AZ,0.00,100.00,75.35,29.49,6.28,0.00,2022-03-22,2022-03-28,1
20220315,AZ,0.00,100.00,75.35,29.49,6.28,0.00,2022-03-15,2022-03-21,1
20220308,AZ,0.00,100.00,75.35,29.49,6.28,0.00,2022-03-08,2022-03-14,1
20220301,AZ,0.00,100.00,75.35,29.49,6.28,0.00,2022-03-01,2022-03-07,1
20220222,AZ,0.00,100.00,56.71,25.89,5.08,0.00,2022-02-22,2022-02-28,1
20220215,AZ,0.00,100.00,56.71,25.89,5.08,0.00,2022-02-15,2022-02-21,1
20220208,AZ,0.00,100.00,56.71,25.80,5.08,0.00,2022-02-08,2022-02-14,1
20220201,AZ,0.00,100.00,56.71,25.80,5.08,0.00,2022-02-01,2022-02-07,1
20220125,AZ,0.00,100.00,56.71,25.80,5.08,0.00,2022-01-25,2022-01-31,1
20220118,AZ,0.00,100.00,56.71,25.80,5.08,0.00,2022-01-18,2022-01-24,1
20220111,AZ,0.00,100.00,56.71,25.80,5.08,0.00,2022-01-11,2022-01-17,1
20220104,AZ,0.00,100.00,55.74,26.15,5.08,0.00,2022-01-04,2022-01-10,1
20211228,AZ,0.00,100.00,60.92,26.20,5.08,0.00,2021-12-28,2022-01-03,1
20211221,AZ,0.00,100.00,76.93,34.11,8.95,0.00,2021-12-21,2021-12-27,1
20211214,AZ,0.00,100.00,76.80,34.08,8.89,0.00,2021-12-14,2021-12-20,1
20211207,AZ,0.00,100.00,76.78,34.08,8.89,0.00,2021-12-07,2021-12-13,1
20211130,AZ,0.00,100.00,76.78,34.08,8.89,0.00,2021-11-30,2021-12-06,1
20211123,AZ,0.00,100.00,76.78,34.08,8.89,0.00,2021-11-23,2021-11-29,1
20211116,AZ,0.00,100.00,76.78,34.08,8.89,0.00,2021-11-16,2021-11-22,1
20211109,AZ,0.00,100.00,76.78,34.08,8.89,0.00,2021-11-09,2021-11-15,1
20211102,AZ,0.00,100.00,76.78,34.08,8.89,0.00,2021-11-02,2021-11-08,1
20211026,AZ,0.00,100.00,76.78,34.08,8.89,0.00,2021-10-26,2021-11-01,1
20211019,AZ,0.00,100.00,76.83,34.08,9.00,0.00,2021-10-19,2021-10-25,1
20211012,AZ,0.00,100.00,76.83,34.42,9.00,0.00,2021-10-12,2021-10-18,1
20211005,AZ,0.00,100.00,80.35,40.02,13.68,0.00,2021-10-05,2021-10-11,1
20210928,AZ,0.00,100.00,80.38,40.02,13.69,0.00,2021-09-28,2021-10-04,1
20210921,AZ,0.00,100.00,86.84,40.02,13.69,0.00,2021-09-21,2021-09-27,1
20210914,AZ,0.00,100.00,86.84,40.02,13.69,0.00,2021-09-14,2021-09-20,1
20210907,AZ,0.00,100.00,86.84,40.02,13.69,0.00,2021-09-07,2021-09-13,1
20210831,AZ,0.00,100.00,96.25,54.23,16.50,0.96,2021-08-31,2021-09-06,1
20210824,AZ,0.00,100.00,96.25,54.27,16.50,0.96,2021-08-24,2021-08-30,1
20210817,AZ,0.00,100.00,96.68,55.52,33.98,5.36,2021-08-17,2021-08-23,1
20210810,AZ,0.00,100.00,99.03,82.76,35.80,5.88,2021-08-10,2021-08-16,1
20210803,AZ,0.00,100.00,98.93,82.76,35.80,6.05,2021-08-03,2021-08-09,1
20210727,AZ,0.00,100.00,98.93,94.64,51.65,8.65,2021-07-27,2021-08-02,1
20210720,AZ,0.00,100.00,98.93,94.64,84.11,35.60,2021-07-20,2021-07-26,1
20210713,AZ,0.00,100.00,98.93,94.64,89.47,57.79,2021-07-13,2021-07-19,1
20210706,AZ,0.00,100.00,98.96,94.62,89.49,57.79,2021-07-06,2021-07-12,1
20210629,AZ,0.00,100.00,98.94,94.62,89.49,57.79,2021-06-29,2021-07-05,1
20210622,AZ,0.00,100.00,98.94,94.62,86.52,57.79,2021-06-22,2021-06-28,1
20210615,AZ,0.00,100.00,98.94,94.64,86.52,57.79,2021-06-15,2021-06-21,1
20210608,AZ,0.00,100.00,98.94,94.64,86.52,57.79,2021-06-08,2021-06-14,1
20210601,AZ,0.00,100.00,99.00,94.62,86.52,57.79,2021-06-01,2021-06-07,1
20210525,AZ,0.00,100.00,99.01,94.62,86.52,57.79,2021-05-25,2021-05-31,1
20210518,AZ,0.00,100.00,99.02,94.66,86.56,57.79,2021-05-18,2021-05-24,1
20210511,AZ,0.00,100.00,99.02,94.66,86.56,57.79,2021-05-11,2021-05-17,1
20210504,AZ,0.00,100.00,99.02,94.62,86.56,57.79,2021-05-04,2021-05-10,1
20210427,AZ,0.00,100.00,99.02,94.62,86.56,57.79,2021-04-27,2021-05-03,1
20210420,AZ,0.00,100.00,99.02,94.62,86.56,57.79,2021-04-20,2021-04-26,1
20210413,AZ,0.00,100.00,98.90,94.66,86.56,57.79,2021-04-13,2021-04-19,1
20210406,AZ,0.00,100.00,98.90,94.66,86.56,54.80,2021-04-06,2021-04-12,1
20210330,AZ,0.00,100.00,98.90,94.66,86.56,54.80,2021-03-30,2021-04-05,1
20210323,AZ,0.00,100.00,98.90,94.66,86.56,54.80,2021-03-23,2021-03-29,1
20210316,AZ,0.00,100.00,98.85,94.60,84.67,53.50,2021-03-16,2021-03-22,1
20210309,AZ,0.00,100.00,98.92,94.60,84.67,53.50,2021-03-09,2021-03-15,1
20210302,AZ,0.00,100.00,98.92,94.60,84.67,53.50,2021-03-02,2021-03-08,1
20210223,AZ,0.00,100.00,98.92,94.60,84.67,53.50,2021-02-23,2021-03-01,1
20210216,AZ,0.00,100.00,98.92,94.60,84.62,53.50,2021-02-16,2021-02-22,1
20210209,AZ,0.00,100.00,98.92,94.60,84.77,53.66,2021-02-09,2021-02-15,1
20210202,AZ,0.00,100.00,98.92,94.60,84.77,53.66,2021-02-02,2021-02-08,1
20210126,AZ,0.00,100.00,100.00,96.56,92.42,57.96,2021-01-26,2021-02-01,1
20210119,AZ,0.00,100.00,100.00,98.32,93.86,72.69,2021-01-19,2021-01-25,1
20210112,AZ,0.00,100.00,100.00,98.34,93.86,72.69,2021-01-12,2021-01-18,1
20210105,AZ,0.00,100.00,100.00,98.34,93.86,72.69,2021-01-05,2021-01-11,1
20201229,AZ,0.00,100.00,100.00,98.34,93.86,72.69,2020-12-29,2021-01-04,1
20201222,AZ,0.00,100.00,100.00,98.34,93.86,72.69,2020-12-22,2020-12-28,1
20201215,AZ,0.00,100.00,100.00,98.34,93.86,72.69,2020-12-15,2020-12-21,1
20201208,AZ,0.00,100.00,100.00,98.35,92.82,76.81,2020-12-08,2020-12-14,1
20201201,AZ,0.00,100.00,100.00,98.35,92.82,76.81,2020-12-01,2020-12-07,1
20201124,AZ,0.00,100.00,100.00,98.35,92.82,71.83,2020-11-24,2020-11-30,1
20201117,AZ,0.00,100.00,100.00,95.06,84.76,32.81,2020-11-17,2020-11-23,1
20201110,AZ,0.00,100.00,100.00,95.06,84.76,19.50,2020-11-10,2020-11-16,1
20201103,AZ,0.00,100.00,100.00,95.01,83.85,8.70,2020-11-03,2020-11-09,1
20201027,AZ,0.00,100.00,100.00,95.01,83.85,8.70,2020-10-27,2020-11-02,1
20201020,AZ,0.00,100.00,100.00,95.01,83.85,8.70,2020-10-20,2020-10-26,1
20201013,AZ,0.00,100.00,100.00,95.01,77.73,6.86,2020-10-13,2020-10-19,1
20201006,AZ,0.00,100.00,100.00,95.01,77.73,6.86,2020-10-06,2020-10-12,1
20200929,AZ,0.00,100.00,100.00,93.97,69.95,3.37,2020-09-29,2020-10-05,1
20200922,AZ,0.00,100.00,100.00,90.67,57.34,0.00,2020-09-22,2020-09-28,1
20200915,AZ,0.00,100.00,100.00,90.67,57.34,0.00,2020-09-15,2020-09-21,1
20200908,AZ,0.00,100.00,97.46,89.42,56.45,0.00,2020-09-08,2020-09-14,1
20200901,AZ,0.00,100.00,97.45,82.16,42.25,0.00,2020-09-01,2020-09-07,1
20200825,AZ,0.00,100.00,97.45,82.36,42.25,0.00,2020-08-25,2020-08-31,1
20200818,AZ,0.00,100.00,90.19,74.64,0.68,0.00,2020-08-18,2020-08-24,1
20200811,AZ,6.42,93.58,81.73,26.42,0.00,0.00,2020-08-11,2020-08-17,1
20200804,AZ,6.42,93.58,81.68,25.76,0.00,0.00,2020-08-04,2020-08-10,1
20200728,AZ,14.30,85.70,46.89,15.99,0.00,0.00,2020-07-28,2020-08-03,1
20200721,AZ,14.30,85.70,36.39,6.79,0.00,0.00,2020-07-21,2020-07-27,1
20200714,AZ,54.75,45.25,13.68,6.76,0.00,0.00,2020-07-14,2020-07-20,1
20200707,AZ,57.44,42.56,13.56,6.76,0.00,0.00,2020-07-07,2020-07-13,1
20200630,AZ,67.45,32.55,13.56,6.76,0.00,0.00,2020-06-30,2020-07-06,1
20200623,AZ,67.45,32.55,13.56,6.76,0.00,0.00,2020-06-23,2020-06-29,1
20200616,AZ,67.45,32.55,13.56,6.76,0.00,0.00,2020-06-16,2020-06-22,1
20200609,AZ,67.45,32.55,13.56,6.76,0.00,0.00,2020-06-09,2020-06-15,1
20200602,AZ,80.51,19.49,13.67,6.76,0.00,0.00,2020-06-02,2020-06-08,1
20200526,AZ,80.51,19.49,13.67,6.74,0.00,0.00,2020-05-26,2020-06-01,1
20200519,AZ,80.51,19.49,13.67,6.74,0.00,0.00,2020-05-19,2020-05-25,1
20200512,AZ,80.51,19.49,13.67,6.74,0.00,0.00,2020-05-12,2020-05-18,1
20200505,AZ,80.60,19.40,13.45,6.77,0.00,0.00,2020-05-05,2020-05-11,1
20200428,AZ,80.60,19.40,13.45,6.77,0.00,0.00,2020-04-28,2020-05-04,1
20200421,AZ,80.59,19.41,13.45,6.77,0.00,0.00,2020-04-21,2020-04-27,1
20200414,AZ,80.59,19.41,13.45,6.77,0.00,0.00,2020-04-14,2020-04-20,1
20200407,AZ,76.62,23.38,18.58,10.39,0.00,0.00,2020-04-07,2020-04-13,1
20200331,AZ,76.62,23.38,18.58,10.39,0.00,0.00,2020-03-31,2020-04-06,1
20200324,AZ,73.23,26.77,19.47,11.32,0.00,0.00,2020-03-24,2020-03-30,1
20200317,AZ,73.03,26.97,19.47,11.36,0.00,0.00,2020-03-17,2020-03-23,1
20200310,AZ,70.34,29.66,21.89,14.02,0.00,0.00,2020-03-10,2020-03-16,1
20200303,AZ,70.34,29.66,21.89,14.02,0.00,0.00,2020-03-03,2020-03-09,1
20200225,AZ,70.34,29.66,21.89,14.02,0.00,0.00,2020-02-25,2020-03-02,1
20200218,AZ,65.28,34.72,22.42,14.65,0.00,0.00,2020-02-18,2020-02-24,1
20200211,AZ,70.13,29.87,23.02,14.65,0.00,0.00,2020-02-11,2020-02-17,1
20200204,AZ,70.37,29.63,23.00,14.65,0.00,0.00,2020-02-04,2020-02-10,1
20200128,AZ,70.37,29.63,23.00,14.65,0.00,0.00,2020-01-28,2020-02-03,1
20200121,AZ,70.37,29.63,23.00,14.65,0.00,0.00,2020-01-21,2020-01-27,1
20200114,AZ,70.37,29.63,23.00,14.65,0.00,0.00,2020-01-14,2020-01-20,1
20200107,AZ,70.37,29.63,23.00,14.65,0.00,0.00,2020-01-07,2020-01-13,1
20191231,AZ,70.37,29.63,23.00,16.73,0.00,0.00,2019-12-31,2020-01-06,1
20191224,AZ,50.54,49.46,26.63,22.01,0.00,0.00,2019-12-24,2019-12-30,1
20191217,AZ,50.54,49.46,26.63,22.01,0.00,0.00,2019-12-17,2019-12-23,1
20191210,AZ,50.54,49.46,26.63,22.01,0.00,0.00,2019-12-10,2019-12-16,1
20191203,AZ,24.05,75.95,46.33,25.44,0.00,0.00,2019-12-03,2019-12-09,1
20191126,AZ,8.68,91.32,70.86,38.52,1.00,0.00,2019-11-26,2019-12-02,1
20191119,AZ,8.18,91.82,78.40,45.75,1.00,0.00,2019-11-19,2019-11-25,1
20191112,AZ,8.18,91.82,78.40,45.56,0.00,0.00,2019-11-12,2019-11-18,1
20191105,AZ,8.18,91.82,78.35,39.52,0.00,0.00,2019-11-05,2019-11-11,1
20191029,AZ,8.18,91.82,78.35,39.52,0.00,0.00,2019-10-29,2019-11-04,1
20191022,AZ,8.18,91.82,78.35,39.52,0.00,0.00,2019-10-22,2019-10-28,1
20191015,AZ,8.18,91.82,76.85,33.96,0.00,0.00,2019-10-15,2019-10-21,1
20191008,AZ,8.18,91.82,76.85,27.53,0.00,0.00,2019-10-08,2019-10-14,1
20191001,AZ,5.00,95.00,80.99,25.66,0.00,0.00,2019-10-01,2019-10-07,1
20190924,AZ,3.30,96.70,85.47,25.80,0.00,0.00,2019-09-24,2019-09-30,1
20190917,AZ,3.30,96.70,85.47,25.80,0.00,0.00,2019-09-17,2019-09-23,1
20190910,AZ,6.19,93.81,73.59,15.83,0.00,0.00,2019-09-10,2019-09-16,1
20190903,AZ,11.16,88.84,25.91,0.00,0.00,0.00,2019-09-03,2019-09-09,1
20190827,AZ,23.61,76.39,19.47,0.00,0.00,0.00,2019-08-27,2019-09-02,1
20190820,AZ,46.57,53.43,0.00,0.00,0.00,0.00,2019-08-20,2019-08-26,1
20190813,AZ,61.13,38.87,0.00,0.00,0.00,0.00,2019-08-13,2019-08-19,1
20190806,AZ,95.17,4.83,0.00,0.00,0.00,0.00,2019-08-06,2019-08-12,1
20190730,AZ,95.17,4.83,0.00,0.00,0.00,0.00,2019-07-30,2019-08-05,1
20190723,AZ,95.17,4.83,0.00,0.00,0.00,0.00,2019-07-23,2019-07-29,1
20190716,AZ,95.31,4.69,0.00,0.00,0.00,0.00,2019-07-16,2019-07-22,1
20190709,AZ,95.31,4.69,0.00,0.00,0.00,0.00,2019-07-09,2019-07-15,1
20190702,AZ,95.31,4.69,0.00,0.00,0.00,0.00,2019-07-02,2019-07-08,1
20190625,AZ,95.31,4.69,0.00,0.00,0.00,0.00,2019-06-25,2019-07-01,1
20190618,AZ,95.31,4.69,0.00,0.00,0.00,0.00,2019-06-18,2019-06-24,1
20190611,AZ,95.31,4.69,0.00,0.00,0.00,0.00,2019-06-11,2019-06-17,1
20190604,AZ,84.31,15.69,4.44,0.00,0.00,0.00,2019-06-04,2019-06-10,1
20190528,AZ,83.91,16.09,4.44,0.00,0.00,0.00,2019-05-28,2019-06-03,1
20190521,AZ,83.91,16.09,4.44,0.00,0.00,0.00,2019-05-21,2019-05-27,1
20190514,AZ,83.31,16.69,4.59,0.00,0.00,0.00,2019-05-14,2019-05-20,1
20190507,AZ,83.31,16.69,4.59,0.00,0.00,0.00,2019-05-07,2019-05-13,1
20190430,AZ,83.31,16.69,4.59,0.00,0.00,0.00,2019-04-30,2019-05-06,1
20190423,AZ,83.27,16.73,4.63,0.00,0.00,0.00,2019-04-23,2019-04-29,1
20190416,AZ,82.23,17.77,4.63,0.00,0.00,0.00,2019-04-16,2019-04-22,1
20190409,AZ,82.23,17.77,4.63,0.00,0.00,0.00,2019-04-09,2019-04-15,1
20190402,AZ,82.23,17.77,4.63,0.00,0.00,0.00,2019-04-02,2019-04-08,1
20190326,AZ,82.23,17.77,4.63,0.00,0.00,0.00,2019-03-26,2019-04-01,1
20190319,AZ,82.17,17.83,5.50,0.21,0.00,0.00,2019-03-19,2019-03-25,1
20190312,AZ,73.02,26.98,16.28,5.13,0.00,0.00,2019-03-12,2019-03-18,1
20190305,AZ,62.24,37.76,18.74,5.50,0.00,0.00,2019-03-05,2019-03-11,1
20190226,AZ,62.24,37.76,18.69,5.50,0.00,0.00,2019-02-26,2019-03-04,1
20190219,AZ,31.27,68.73,30.13,16.62,3.34,0.00,2019-02-19,2019-02-25,1
20190212,AZ,16.00,84.00,30.74,16.62,3.34,0.00,2019-02-12,2019-02-18,1
20190205,AZ,16.00,84.00,32.90,18.30,3.34,0.00,2019-02-05,2019-02-11,1
20190129,AZ,16.00,84.00,32.98,18.23,3.30,0.00,2019-01-29,2019-02-04,1
20190122,AZ,16.00,84.00,39.01,18.23,3.30,0.00,2019-01-22,2019-01-28,1
20190115,AZ,15.82,84.18,59.33,27.80,12.60,3.30,2019-01-15,2019-01-21,1
20190108,AZ,15.82,84.18,59.68,27.80,12.60,3.30,2019-01-08,2019-01-14,1
20190101,AZ,7.38,92.62,66.78,32.09,12.60,3.30,2019-01-01,2019-01-07,1
20181225,AZ,0.00,100.00,69.79,32.67,12.60,3.30,2018-12-25,2018-12-31,1
20181218,AZ,0.00,100.00,69.79,32.76,12.60,3.30,2018-12-18,2018-12-24,1
20181211,AZ,0.00,100.00,69.79,32.76,12.60,3.30,2018-12-11,2018-12-17,1
20181204,AZ,0.00,100.00,73.99,34.37,12.60,3.30,2018-12-04,2018-12-10,1
20181127,AZ,0.00,100.00,73.99,34.41,12.60,4.33,2018-11-27,2018-12-03,1
20181120,AZ,0.00,100.00,76.99,35.33,12.60,4.33,2018-11-20,2018-11-26,1
20181113,AZ,0.00,100.00,81.52,35.33,12.60,4.33,2018-11-13,2018-11-19,1
20181106,AZ,0.00,100.00,83.76,35.33,12.60,4.32,2018-11-06,2018-11-12,1
20181030,AZ,0.00,100.00,86.67,42.72,12.60,4.32,2018-10-30,2018-11-05,1
20181023,AZ,0.00,100.00,90.48,42.72,12.60,4.32,2018-10-23,2018-10-29,1
20181016,AZ,0.00,100.00,90.48,42.72,16.14,4.32,2018-10-16,2018-10-22,1
20181009,AZ,0.00,100.00,96.37,53.88,23.64,6.94,2018-10-09,2018-10-15,1
20181002,AZ,0.00,100.00,98.76,76.99,34.12,8.62,2018-10-02,2018-10-08,1
20180925,AZ,0.00,100.00,100.00,83.98,41.92,8.62,2018-09-25,2018-10-01,1
20180918,AZ,0.00,100.00,100.00,83.98,41.92,8.62,2018-09-18,2018-09-24,1
20180911,AZ,0.00,100.00,100.00,83.98,41.92,8.62,2018-09-11,2018-09-17,1
20180904,AZ,0.00,100.00,100.00,89.67,48.23,8.62,2018-09-04,2018-09-10,1
20180828,AZ,0.00,100.00,100.00,90.79,48.23,8.62,2018-08-28,2018-09-03,1
20180821,AZ,0.00,100.00,100.00,91.01,48.23,8.62,2018-08-21,2018-08-27,1
20180814,AZ,0.00,100.00,100.00,91.01,48.23,8.62,2018-08-14,2018-08-20,1
20180807,AZ,0.00,100.00,100.00,91.01,57.13,10.55,2018-08-07,2018-08-13,1
20180731,AZ,0.00,100.00,100.00,91.01,57.65,10.55,2018-07-31,2018-08-06,1
20180724,AZ,0.00,100.00,100.00,97.05,64.56,10.55,2018-07-24,2018-07-30,1
20180717,AZ,0.00,100.00,100.00,97.05,72.40,14.95,2018-07-17,2018-07-23,1
20180710,AZ,0.00,100.00,100.00,97.05,73.62,15.71,2018-07-10,2018-07-16,1
20180703,AZ,0.00,100.00,100.00,97.05,73.62,15.71,2018-07-03,2018-07-09,1
20180626,AZ,0.00,100.00,100.00,97.05,73.62,15.71,2018-06-26,2018-07-02,1
20180619,AZ,0.00,100.00,100.00,97.05,73.62,15.71,2018-06-19,2018-06-25,1
20180612,AZ,0.00,100.00,100.00,97.05,73.62,15.71,2018-06-12,2018-06-18,1
20180605,AZ,0.00,100.00,100.00,97.05,73.61,15.71,2018-06-05,2018-06-11,1
20180529,AZ,0.00,100.00,100.00,97.05,73.61,15.71,2018-05-29,2018-06-04,1
20180522,AZ,0.00,100.00,100.00,97.05,73.20,15.71,2018-05-22,2018-05-28,1
20180515,AZ,0.00,100.00,100.00,97.07,63.08,10.33,2018-05-15,2018-05-21,1
20180508,AZ,0.00,100.00,100.00,95.98,63.06,9.62,2018-05-08,2018-05-14,1
20180501,AZ,0.00,100.00,100.00,95.98,60.35,9.62,2018-05-01,2018-05-07,1
20180424,AZ,0.00,100.00,100.00,93.05,47.96,9.62,2018-04-24,2018-04-30,1
20180417,AZ,0.00,100.00,100.00,92.63,47.56,4.31,2018-04-17,2018-04-23,1
20180410,AZ,0.00,100.00,100.00,92.63,47.56,3.98,2018-04-10,2018-04-16,1
20180403,AZ,0.00,100.00,100.00,92.63,47.49,0.00,2018-04-03,2018-04-09,1
20180327,AZ,0.00,100.00,100.00,89.47,46.49,0.00,2018-03-27,2018-04-02,1
20180320,AZ,0.00,100.00,100.00,84.16,35.29,0.00,2018-03-20,2018-03-26,1
20180313,AZ,0.00,100.00,100.00,84.16,23.77,0.00,2018-03-13,2018-03-19,1
20180306,AZ,0.00,100.00,100.00,84.09,23.77,0.00,2018-03-06,2018-03-12,1
20180227,AZ,0.00,100.00,100.00,73.22,9.27,0.00,2018-02-27,2018-03-05,1
20180220,AZ,0.00,100.00,100.00,73.22,9.27,0.00,2018-02-20,2018-02-26,1
20180213,AZ,0.00,100.00,100.00,73.41,8.91,0.00,2018-02-13,2018-02-19,1
20180206,AZ,0.00,100.00,100.00,65.32,8.91,0.00,2018-02-06,2018-02-12,1
20180130,AZ,0.00,100.00,100.00,64.27,8.91,0.00,2018-01-30,2018-02-05,1
20180123,AZ,0.00,100.00,100.00,51.06,0.00,0.00,2018-01-23,2018-01-29,1
20180116,AZ,0.00,100.00,100.00,28.73,0.00,0.00,2018-01-16,2018-01-22,1
20180109,AZ,0.00,100.00,100.00,28.73,0.00,0.00,2018-01-09,2018-01-15,1
20180102,AZ,0.00,100.00,100.00,28.66,0.00,0.00,2018-01-02,2018-01-08,1
20171226,AZ,0.00,100.00,100.00,3.96,0.00,0.00,2017-12-26,2018-01-01,1
20171219,AZ,0.00,100.00,100.00,3.96,0.00,0.00,2017-12-19,2017-12-25,1
20171212,AZ,0.00,100.00,97.28,2.05,0.00,0.00,2017-12-12,2017-12-18,1
20171205,AZ,0.00,100.00,97.28,2.05,0.00,0.00,2017-12-05,2017-12-11,1
20171128,AZ,0.00,100.00,73.10,2.05,0.00,0.00,2017-11-28,2017-12-04,1
20171121,AZ,8.61,91.39,44.65,2.05,0.00,0.00,2017-11-21,2017-11-27,1
20171114,AZ,8.61,91.39,44.26,2.05,0.00,0.00,2017-11-14,2017-11-20,1
20171107,AZ,9.34,90.66,44.26,2.05,0.00,0.00,2017-11-07,2017-11-13,1
20171031,AZ,20.98,79.02,41.27,2.05,0.00,0.00,2017-10-31,2017-11-06,1
20171024,AZ,28.63,71.37,25.90,0.00,0.00,0.00,2017-10-24,2017-10-30,1
20171017,AZ,37.91,62.09,10.69,0.00,0.00,0.00,2017-10-17,2017-10-23,1
20171010,AZ,38.00,62.00,10.69,0.00,0.00,0.00,2017-10-10,2017-10-16,1
20171003,AZ,37.51,62.49,10.69,0.00,0.00,0.00,2017-10-03,2017-10-09,1
20170926,AZ,45.38,54.62,10.69,0.00,0.00,0.00,2017-09-26,2017-10-02,1
20170919,AZ,75.16,24.84,10.69,0.00,0.00,0.00,2017-09-19,2017-09-25,1
20170912,AZ,75.16,24.84,10.69,0.00,0.00,0.00,2017-09-12,2017-09-18,1
20170905,AZ,75.16,24.84,10.69,0.00,0.00,0.00,2017-09-05,2017-09-11,1
20170829,AZ,75.16,24.84,10.69,0.00,0.00,0.00,2017-08-29,2017-09-04,1
20170822,AZ,75.16,24.84,10.69,0.00,0.00,0.00,2017-08-22,2017-08-28,1
20170815,AZ,67.12,32.88,10.69,0.00,0.00,0.00,2017-08-15,2017-08-21,1
20170808,AZ,67.11,32.89,10.69,0.23,0.00,0.00,2017-08-08,2017-08-14,1
20170801,AZ,60.92,39.08,10.69,0.23,0.00,0.00,2017-08-01,2017-08-07,1
20170725,AZ,34.20,65.80,15.75,0.23,0.00,0.00,2017-07-25,2017-07-31,1
20170718,AZ,21.88,78.12,29.87,0.23,0.00,0.00,2017-07-18,2017-07-24,1
20170711,AZ,35.55,64.45,29.87,0.23,0.00,0.00,2017-07-11,2017-07-17,1
20170704,AZ,35.55,64.45,27.83,0.23,0.00,0.00,2017-07-04,2017-07-10,1
20170627,AZ,48.93,51.07,27.83,0.23,0.00,0.00,2017-06-27,2017-07-03,1
20170620,AZ,48.93,51.07,27.83,0.23,0.00,0.00,2017-06-20,2017-06-26,1
20170613,AZ,52.14,47.86,27.83,0.23,0.00,0.00,2017-06-13,2017-06-19,1
20170606,AZ,52.14,47.86,27.83,0.23,0.00,0.00,2017-06-06,2017-06-12,1
20170530,AZ,52.14,47.86,27.83,0.23,0.00,0.00,2017-05-30,2017-06-05,1
20170523,AZ,52.14,47.86,27.83,0.23,0.00,0.00,2017-05-23,2017-05-29,1
20170516,AZ,52.15,47.85,27.83,0.23,0.00,0.00,2017-05-16,2017-05-22,1
20170509,AZ,52.10,47.90,26.51,0.23,0.00,0.00,2017-05-09,2017-05-15,1
20170502,AZ,58.92,41.08,13.51,0.23,0.00,0.00,2017-05-02,2017-05-08,1
20170425,AZ,58.97,41.03,13.51,0.23,0.00,0.00,2017-04-25,2017-05-01,1
20170418,AZ,58.97,41.03,13.51,0.23,0.00,0.00,2017-04-18,2017-04-24,1
20170411,AZ,71.87,28.13,13.51,0.23,0.00,0.00,2017-04-11,2017-04-17,1
20170404,AZ,71.87,28.13,13.51,0.23,0.00,0.00,2017-04-04,2017-04-10,1
20170328,AZ,71.87,28.13,13.51,0.23,0.00,0.00,2017-03-28,2017-04-03,1
20170321,AZ,71.87,28.13,13.51,0.23,0.00,0.00,2017-03-21,2017-03-27,1
20170314,AZ,71.87,28.13,13.51,0.23,0.00,0.00,2017-03-14,2017-03-20,1
20170307,AZ,71.87,28.13,13.51,0.23,0.00,0.00,2017-03-07,2017-03-13,1
20170228,AZ,47.36,52.64,14.72,0.61,0.00,0.00,2017-02-28,2017-03-06,1
20170221,AZ,44.99,55.01,15.02,0.61,0.00,0.00,2017-02-21,2017-02-27,1
20170214,AZ,44.99,55.01,13.91,0.61,0.00,0.00,2017-02-14,2017-02-20,1
20170207,AZ,44.99,55.01,13.92,0.61,0.00,0.00,2017-02-07,2017-02-13,1
20170131,AZ,44.99,55.01,13.92,0.61,0.00,0.00,2017-01-31,2017-02-06,1
20170124,AZ,41.03,58.97,23.42,3.65,0.00,0.00,2017-01-24,2017-01-30,1
20170117,AZ,38.68,61.32,24.76,3.65,0.00,0.00,2017-01-17,2017-01-23,1
20170110,AZ,38.68,61.32,24.76,3.65,0.00,0.00,2017-01-10,2017-01-16,1
20170103,AZ,38.68,61.32,24.76,3.65,0.00,0.00,2017-01-03,2017-01-09,1
20161227,AZ,31.88,68.12,33.02,3.65,0.00,0.00,2016-12-27,2017-01-02,1
20161220,AZ,22.22,77.78,44.76,4.17,0.00,0.00,2016-12-20,2016-12-26,1
20161213,AZ,22.22,77.78,44.76,4.17,0.00,0.00,2016-12-13,2016-12-19,1
20161206,AZ,22.61,77.39,44.76,4.17,0.00,0.00,2016-12-06,2016-12-12,1
20161129,AZ,22.61,77.39,44.76,4.17,0.00,0.00,2016-11-29,2016-12-05,1
20161122,AZ,22.61,77.39,44.76,4.17,0.00,0.00,2016-11-22,2016-11-28,1
20161115,AZ,22.61,77.39,44.76,4.17,0.00,0.00,2016-11-15,2016-11-21,1
20161108,AZ,22.61,77.39,44.76,4.17,0.00,0.00,2016-11-08,2016-11-14,1
20161101,AZ,22.61,77.39,44.76,4.17,0.00,0.00,2016-11-01,2016-11-07,1
20161025,AZ,22.61,77.39,44.76,4.17,0.00,0.00,2016-10-25,2016-10-31,1
20161018,AZ,22.61,77.39,44.76,4.17,0.00,0.00,2016-10-18,2016-10-24,1
20161011,AZ,22.61,77.39,44.76,4.17,0.00,0.00,2016-10-11,2016-10-17,1
20161004,AZ,22.61,77.39,44.76,4.17,0.00,0.00,2016-10-04,2016-10-10,1
20160927,AZ,6.23,93.77,44.76,4.17,0.00,0.00,2016-09-27,2016-10-03,1
20160920,AZ,0.05,99.95,44.76,4.17,0.00,0.00,2016-09-20,2016-09-26,1
20160913,AZ,0.05,99.95,44.76,4.17,0.00,0.00,2016-09-13,2016-09-19,1
20160906,AZ,0.07,99.93,71.85,2.84,0.00,0.00,2016-09-06,2016-09-12,1
20160830,AZ,0.07,99.93,71.85,2.84,0.00,0.00,2016-08-30,2016-09-05,1
20160823,AZ,0.07,99.93,72.32,2.84,0.00,0.00,2016-08-23,2016-08-29,1
20160816,AZ,0.07,99.93,72.32,2.84,0.00,0.00,2016-08-16,2016-08-22,1
20160809,AZ,0.07,99.93,72.32,3.96,0.00,0.00,2016-08-09,2016-08-15,1
20160802,AZ,0.07,99.93,72.32,3.96,0.00,0.00,2016-08-02,2016-08-08,1
20160726,AZ,0.07,99.93,72.32,8.73,0.00,0.00,2016-07-26,2016-08-01,1
20160719,AZ,0.39,99.61,59.42,7.99,0.00,0.00,2016-07-19,2016-07-25,1
20160712,AZ,0.41,99.59,59.42,7.99,0.00,0.00,2016-07-12,2016-07-18,1
20160705,AZ,0.41,99.59,59.42,7.99,0.00,0.00,2016-07-05,2016-07-11,1
20160628,AZ,0.41,99.59,59.42,7.99,0.00,0.00,2016-06-28,2016-07-04,1
20160621,AZ,0.41,99.59,59.42,7.99,0.00,0.00,2016-06-21,2016-06-27,1
20160614,AZ,0.41,99.59,59.42,7.99,0.00,0.00,2016-06-14,2016-06-20,1
20160607,AZ,0.41,99.59,59.42,7.99,0.00,0.00,2016-06-07,2016-06-13,1
20160531,AZ,0.41,99.59,59.42,1.17,0.00,0.00,2016-05-31,2016-06-06,1
20160524,AZ,0.00,100.00,66.20,1.17,0.00,0.00,2016-05-24,2016-05-30,1
20160517,AZ,0.00,100.00,66.75,1.17,0.00,0.00,2016-05-17,2016-05-23,1
20160510,AZ,0.00,100.00,66.75,1.17,0.00,0.00,2016-05-10,2016-05-16,1
20160503,AZ,0.00,100.00,66.75,1.17,0.00,0.00,2016-05-03,2016-05-09,1
20160426,AZ,0.00,100.00,66.75,1.17,0.00,0.00,2016-04-26,2016-05-02,1
20160419,AZ,0.72,99.28,66.75,1.17,0.00,0.00,2016-04-19,2016-04-25,1
20160412,AZ,0.70,99.30,66.75,1.17,0.00,0.00,2016-04-12,2016-04-18,1
20160405,AZ,2.50,97.50,66.75,1.17,0.00,0.00,2016-04-05,2016-04-11,1
20160329,AZ,2.50,97.50,53.97,1.17,0.00,0.00,2016-03-29,2016-04-04,1
20160322,AZ,2.93,97.07,53.97,1.17,0.00,0.00,2016-03-22,2016-03-28,1
20160315,AZ,4.86,95.14,23.33,0.43,0.00,0.00,2016-03-15,2016-03-21,1
20160308,AZ,4.88,95.12,21.96,0.43,0.00,0.00,2016-03-08,2016-03-14,1
20160301,AZ,19.36,80.64,16.66,0.00,0.00,0.00,2016-03-01,2016-03-07,1
20160223,AZ,31.11,68.89,16.13,0.00,0.00,0.00,2016-02-23,2016-02-29,1
20160216,AZ,42.94,57.06,16.13,0.00,0.00,0.00,2016-02-16,2016-02-22,1
20160209,AZ,42.94,57.06,16.13,0.00,0.00,0.00,2016-02-09,2016-02-15,1
20160202,AZ,42.94,57.06,16.13,0.00,0.00,0.00,2016-02-02,2016-02-08,1
20160126,AZ,42.94,57.06,15.94,0.00,0.00,0.00,2016-01-26,2016-02-01,1
20160119,AZ,42.94,57.06,16.33,0.00,0.00,0.00,2016-01-19,2016-01-25,1
20160112,AZ,37.12,62.88,16.33,0.00,0.00,0.00,2016-01-12,2016-01-18,1
20160105,AZ,14.30,85.70,29.87,1.27,0.00,0.00,2016-01-05,2016-01-11,1
20151229,AZ,14.25,85.75,29.87,1.27,0.00,0.00,2015-12-29,2016-01-04,1
20151222,AZ,14.25,85.75,29.87,1.27,0.00,0.00,2015-12-22,2015-12-28,1
20151215,AZ,15.73,84.27,29.87,1.27,0.00,0.00,2015-12-15,2015-12-21,1
20151208,AZ,15.73,84.27,29.87,1.27,0.00,0.00,2015-12-08,2015-12-14,1
20151201,AZ,15.73,84.27,29.87,1.27,0.00,0.00,2015-12-01,2015-12-07,1
20151124,AZ,15.73,84.27,43.58,1.27,0.00,0.00,2015-11-24,2015-11-30,1
20151117,AZ,15.73,84.27,43.58,1.27,0.00,0.00,2015-11-17,2015-11-23,1
20151110,AZ,15.73,84.27,43.58,1.27,0.00,0.00,2015-11-10,2015-11-16,1
20151103,AZ,15.73,84.27,44.63,2.14,0.00,0.00,2015-11-03,2015-11-09,1
20151027,AZ,15.73,84.27,50.14,2.14,0.00,0.00,2015-10-27,2015-11-02,1
20151020,AZ,12.81,87.19,54.35,3.28,0.00,0.00,2015-10-20,2015-10-26,1
20151013,AZ,10.48,89.52,62.60,3.28,0.00,0.00,2015-10-13,2015-10-19,1
20151006,AZ,10.48,89.52,62.60,3.28,0.00,0.00,2015-10-06,2015-10-12,1
20150929,AZ,10.48,89.52,62.60,3.28,0.00,0.00,2015-09-29,2015-10-05,1
20150922,AZ,7.04,92.96,64.41,3.80,0.00,0.00,2015-09-22,2015-09-28,1
20150915,AZ,7.04,92.96,70.88,5.57,0.00,0.00,2015-09-15,2015-09-21,1
20150908,AZ,7.04,92.96,70.79,5.57,0.00,0.00,2015-09-08,2015-09-14,1
20150901,AZ,7.04,92.96,70.79,5.57,0.00,0.00,2015-09-01,2015-09-07,1
20150825,AZ,7.04,92.96,70.79,5.57,0.00,0.00,2015-08-25,2015-08-31,1
20150818,AZ,7.04,92.96,70.79,5.57,0.00,0.00,2015-08-18,2015-08-24,1
20150811,AZ,7.04,92.96,74.94,9.57,0.00,0.00,2015-08-11,2015-08-17,1
20150804,AZ,7.04,92.96,74.94,9.57,0.00,0.00,2015-08-04,2015-08-10,1
20150728,AZ,7.04,92.96,74.94,9.57,0.00,0.00,2015-07-28,2015-08-03,1
20150721,AZ,7.04,92.96,74.94,9.57,0.00,0.00,2015-07-21,2015-07-27,1
20150714,AZ,7.04,92.96,76.15,24.56,0.00,0.00,2015-07-14,2015-07-20,1
20150707,AZ,7.04,92.96,76.15,24.56,0.00,0.00,2015-07-07,2015-07-13,1
20150630,AZ,7.04,92.96,76.15,24.56,0.00,0.00,2015-06-30,2015-07-06,1
20150623,AZ,7.04,92.96,76.15,24.56,0.00,0.00,2015-06-23,2015-06-29,1
20150616,AZ,7.04,92.96,76.84,24.80,0.00,0.00,2015-06-16,2015-06-22,1
20150609,AZ,7.04,92.96,79.06,27.06,0.00,0.00,2015-06-09,2015-06-15,1
20150602,AZ,7.04,92.96,80.21,29.26,0.00,0.00,2015-06-02,2015-06-08,1
20150526,AZ,7.04,92.96,80.21,29.26,0.00,0.00,2015-05-26,2015-06-01,1
20150519,AZ,7.04,92.96,80.21,29.48,0.00,0.00,2015-05-19,2015-05-25,1
20150512,AZ,7.04,92.96,80.21,29.48,0.00,0.00,2015-05-12,2015-05-18,1
20150505,AZ,7.04,92.96,80.21,29.48,0.00,0.00,2015-05-05,2015-05-11,1
20150428,AZ,7.04,92.96,80.21,29.49,0.97,0.00,2015-04-28,2015-05-04,1
20150421,AZ,7.04,92.96,80.21,29.49,0.97,0.00,2015-04-21,2015-04-27,1
20150414,AZ,7.04,92.96,80.21,29.49,0.97,0.00,2015-04-14,2015-04-20,1
20150407,AZ,7.07,92.93,80.21,29.49,0.97,0.00,2015-04-07,2015-04-13,1
20150331,AZ,7.07,92.93,80.21,29.49,0.97,0.00,2015-03-31,2015-04-06,1
20150324,AZ,7.07,92.93,80.21,29.49,0.97,0.00,2015-03-24,2015-03-30,1
20150317,AZ,7.12,92.88,80.21,29.49,0.97,0.00,2015-03-17,2015-03-23,1
20150310,AZ,7.12,92.88,80.21,24.22,0.97,0.00,2015-03-10,2015-03-16,1
20150303,AZ,7.12,92.88,80.27,23.84,0.97,0.00,2015-03-03,2015-03-09,1
20150224,AZ,7.12,92.88,81.78,27.79,4.94,0.00,2015-02-24,2015-03-02,1
20150217,AZ,7.12,92.88,81.78,27.79,4.94,0.00,2015-02-17,2015-02-23,1
20150210,AZ,7.12,92.88,78.20,27.79,2.77,0.00,2015-02-10,2015-02-16,1
20150203,AZ,7.12,92.88,75.22,27.79,2.77,0.00,2015-02-03,2015-02-09,1
20150127,AZ,0.00,100.00,82.64,39.19,2.77,0.00,2015-01-27,2015-02-02,1
20150120,AZ,0.00,100.00,82.64,39.19,2.77,0.00,2015-01-20,2015-01-26,1
20150113,AZ,0.00,100.00,82.71,34.92,2.77,0.00,2015-01-13,2015-01-19,1
20150106,AZ,0.00,100.00,82.71,34.92,2.77,0.00,2015-01-06,2015-01-12,1
20141230,AZ,0.00,100.00,83.05,35.34,3.84,0.00,2014-12-30,2015-01-05,1
20141223,AZ,0.00,100.00,83.05,35.34,3.84,0.00,2014-12-23,2014-12-29,1
20141216,AZ,0.00,100.00,83.05,35.34,3.84,0.00,2014-12-16,2014-12-22,1
20141209,AZ,0.00,100.00,84.94,35.34,3.84,0.00,2014-12-09,2014-12-15,1
20141202,AZ,0.00,100.00,84.94,35.34,3.84,0.00,2014-12-02,2014-12-08,1
20141125,AZ,0.00,100.00,84.94,35.34,3.75,0.00,2014-11-25,2014-12-01,1
20141118,AZ,0.00,100.00,84.94,35.34,3.75,0.00,2014-11-18,2014-11-24,1
20141111,AZ,0.00,100.00,84.94,35.34,3.75,0.00,2014-11-11,2014-11-17,1
20141104,AZ,0.00,100.00,84.90,35.34,3.75,0.00,2014-11-04,2014-11-10,1
20141028,AZ,0.00,100.00,84.56,37.76,3.75,0.00,2014-10-28,2014-11-03,1
20141021,AZ,0.00,100.00,84.56,37.76,3.75,0.00,2014-10-21,2014-10-27,1
20141014,AZ,0.00,100.00,84.56,37.92,3.76,0.00,2014-10-14,2014-10-20,1
20141007,AZ,0.00,100.00,84.56,37.92,3.76,0.00,2014-10-07,2014-10-13,1
20140930,AZ,0.00,100.00,84.58,37.92,3.76,0.00,2014-09-30,2014-10-06,1
20140923,AZ,0.00,100.00,85.36,39.41,3.83,0.00,2014-09-23,2014-09-29,1
20140916,AZ,0.00,100.00,87.51,43.82,3.77,0.00,2014-09-16,2014-09-22,1
20140909,AZ,0.00,100.00,87.51,48.93,3.77,0.00,2014-09-09,2014-09-15,1
20140902,AZ,0.00,100.00,90.74,56.60,6.71,0.00,2014-09-02,2014-09-08,1
20140826,AZ,0.00,100.00,90.75,56.60,6.71,0.00,2014-08-26,2014-09-01,1
20140819,AZ,0.00,100.00,97.88,65.34,9.39,0.00,2014-08-19,2014-08-25,1
20140812,AZ,0.00,100.00,97.88,69.74,12.90,0.00,2014-08-12,2014-08-18,1
20140805,AZ,0.00,100.00,97.88,69.74,10.84,0.00,2014-08-05,2014-08-11,1
20140729,AZ,0.00,100.00,97.88,68.25,16.84,0.00,2014-07-29,2014-08-04,1
20140722,AZ,0.00,100.00,97.88,72.30,17.59,0.00,2014-07-22,2014-07-28,1
20140715,AZ,0.00,100.00,97.88,72.30,15.64,0.00,2014-07-15,2014-07-21,1
20140708,AZ,0.00,100.00,98.17,76.30,17.11,0.00,2014-07-08,2014-07-14,1
20140701,AZ,0.00,100.00,98.17,76.30,17.11,0.00,2014-07-01,2014-07-07,1
20140624,AZ,0.00,100.00,98.17,76.30,16.82,0.00,2014-06-24,2014-06-30,1
20140617,AZ,0.00,100.00,98.17,76.30,16.82,0.00,2014-06-17,2014-06-23,1
20140610,AZ,0.00,100.00,98.17,76.28,16.82,0.00,2014-06-10,2014-06-16,1
20140603,AZ,0.00,100.00,98.17,76.28,7.69,0.00,2014-06-03,2014-06-09,1
20140527,AZ,0.00,100.00,98.17,76.28,7.69,0.00,2014-05-27,2014-06-02,1
20140520,AZ,0.00,100.00,98.17,76.28,7.69,0.00,2014-05-20,2014-05-26,1
20140513,AZ,0.00,100.00,98.17,76.28,7.69,0.00,2014-05-13,2014-05-19,1
20140506,AZ,0.00,100.00,98.17,61.32,7.69,0.00,2014-05-06,2014-05-12,1
20140429,AZ,0.00,100.00,98.17,61.20,7.69,0.00,2014-04-29,2014-05-05,1
20140422,AZ,0.00,100.00,98.17,61.20,7.31,0.00,2014-04-22,2014-04-28,1
20140415,AZ,0.00,100.00,88.56,57.06,5.18,0.00,2014-04-15,2014-04-21,1
20140408,AZ,0.00,100.00,88.56,57.06,5.18,0.00,2014-04-08,2014-04-14,1
20140401,AZ,0.00,100.00,87.99,57.01,5.18,0.00,2014-04-01,2014-04-07,1
20140325,AZ,0.00,100.00,88.03,57.00,5.18,0.00,2014-03-25,2014-03-31,1
20140318,AZ,6.12,93.88,88.06,57.04,5.18,0.00,2014-03-18,2014-03-24,1
20140311,AZ,6.23,93.77,77.26,54.71,5.18,0.00,2014-03-11,2014-03-17,1
20140304,AZ,6.18,93.82,77.26,54.71,5.18,0.00,2014-03-04,2014-03-10,1
20140225,AZ,6.18,93.82,77.24,57.20,7.04,0.00,2014-02-25,2014-03-03,1
20140218,AZ,6.18,93.82,77.09,57.20,7.04,0.00,2014-02-18,2014-02-24,1
20140211,AZ,8.29,91.71,76.21,39.68,0.00,0.00,2014-02-11,2014-02-17,1
20140204,AZ,8.29,91.71,68.43,36.10,0.00,0.00,2014-02-04,2014-02-10,1
20140128,AZ,8.29,91.71,68.43,36.10,0.00,0.00,2014-01-28,2014-02-03,1
20140121,AZ,16.08,83.92,57.75,24.66,0.00,0.00,2014-01-21,2014-01-27,1
20140114,AZ,16.08,83.92,57.75,24.66,0.00,0.00,2014-01-14,2014-01-20,1
20140107,AZ,16.08,83.92,57.19,24.66,0.00,0.00,2014-01-07,2014-01-13,1
20131231,AZ,20.72,79.28,53.58,14.73,0.00,0.00,2013-12-31,2014-01-06,1
20131224,AZ,20.72,79.28,53.58,14.73,0.00,0.00,2013-12-24,2013-12-30,1
20131217,AZ,20.72,79.28,53.58,16.32,0.00,0.00,2013-12-17,2013-12-23,1
20131210,AZ,20.72,79.28,53.58,16.32,0.00,0.00,2013-12-10,2013-12-16,1
20131203,AZ,20.72,79.28,53.58,16.32,0.00,0.00,2013-12-03,2013-12-09,1
20131126,AZ,20.72,79.28,53.58,16.32,0.00,0.00,2013-11-26,2013-12-02,1
20131119,AZ,9.14,90.86,68.05,25.28,0.00,0.00,2013-11-19,2013-11-25,1
20131112,AZ,14.84,85.16,61.90,25.28,0.00,0.00,2013-11-12,2013-11-18,1
20131105,AZ,14.82,85.18,61.92,25.28,0.00,0.00,2013-11-05,2013-11-11,1
20131029,AZ,14.84,85.16,61.92,25.28,0.00,0.00,2013-10-29,2013-11-04,1
20131022,AZ,14.84,85.16,61.92,25.28,0.00,0.00,2013-10-22,2013-10-28,1
20131015,AZ,14.90,85.10,61.96,25.28,0.00,0.00,2013-10-15,2013-10-21,1
20131008,AZ,15.00,85.00,61.91,25.28,0.00,0.00,2013-10-08,2013-10-14,1
20131001,AZ,14.83,85.17,61.91,25.28,0.00,0.00,2013-10-01,2013-10-07,1
20130924,AZ,14.83,85.17,61.91,25.28,0.00,0.00,2013-09-24,2013-09-30,1
20130917,AZ,12.81,87.19,66.82,30.35,1.94,0.00,2013-09-17,2013-09-23,1
20130910,AZ,3.43,96.57,74.04,41.52,15.49,1.94,2013-09-10,2013-09-16,1
20130903,AZ,0.00,100.00,76.23,42.31,15.55,1.94,2013-09-03,2013-09-09,1
20130827,AZ,0.00,100.00,85.78,48.82,19.37,3.04,2013-08-27,2013-09-02,1
20130820,AZ,0.00,100.00,85.78,56.39,20.39,3.04,2013-08-20,2013-08-26,1
20130813,AZ,0.00,100.00,85.78,56.39,20.86,3.04,2013-08-13,2013-08-19,1
20130806,AZ,0.00,100.00,85.78,56.39,20.86,3.04,2013-08-06,2013-08-12,1
20130730,AZ,0.00,100.00,86.71,57.90,22.81,3.04,2013-07-30,2013-08-05,1
20130723,AZ,0.00,100.00,91.13,63.58,22.81,3.04,2013-07-23,2013-07-29,1
20130716,AZ,0.00,100.00,92.46,72.77,26.46,3.04,2013-07-16,2013-07-22,1
20130709,AZ,0.00,100.00,92.46,72.77,27.36,3.04,2013-07-09,2013-07-15,1
20130702,AZ,0.00,100.00,92.46,74.35,27.40,3.04,2013-07-02,2013-07-08,1
20130625,AZ,0.00,100.00,92.49,74.44,23.48,0.00,2013-06-25,2013-07-01,1
20130618,AZ,0.00,100.00,92.49,72.23,22.25,0.00,2013-06-18,2013-06-24,1
20130611,AZ,0.00,100.00,92.49,72.23,19.67,0.00,2013-06-11,2013-06-17,1
20130604,AZ,0.00,100.00,92.49,72.53,19.67,0.00,2013-06-04,2013-06-10,1
20130528,AZ,0.00,100.00,86.66,70.11,18.95,0.00,2013-05-28,2013-06-03,1
20130521,AZ,0.00,100.00,86.66,70.11,18.95,0.00,2013-05-21,2013-05-27,1
20130514,AZ,0.00,100.00,86.66,69.64,18.95,0.00,2013-05-14,2013-05-20,1
20130507,AZ,0.00,100.00,86.66,69.64,18.90,0.00,2013-05-07,2013-05-13,1
20130430,AZ,0.00,100.00,86.66,66.28,16.22,0.00,2013-04-30,2013-05-06,1
20130423,AZ,2.62,97.38,83.62,57.69,13.80,0.00,2013-04-23,2013-04-29,1
20130416,AZ,2.64,97.36,82.64,43.98,5.63,0.00,2013-04-16,2013-04-22,1
20130409,AZ,3.06,96.94,81.30,41.15,5.63,0.00,2013-04-09,2013-04-15,1
20130402,AZ,3.06,96.94,80.11,29.72,2.03,0.00,2013-04-02,2013-04-08,1
20130326,AZ,3.06,96.94,80.11,29.72,2.03,0.00,2013-03-26,2013-04-01,1
20130319,AZ,3.06,96.94,80.11,29.72,2.03,0.00,2013-03-19,2013-03-25,1
20130312,AZ,3.06,96.94,80.11,29.72,2.03,0.00,2013-03-12,2013-03-18,1
20130305,AZ,0.00,100.00,83.17,29.87,2.03,0.00,2013-03-05,2013-03-11,1
20130226,AZ,0.00,100.00,83.08,29.45,2.03,0.00,2013-02-26,2013-03-04,1
20130219,AZ,0.00,100.00,83.13,29.45,2.03,0.00,2013-02-19,2013-02-25,1
20130212,AZ,0.00,100.00,87.66,29.45,2.03,0.00,2013-02-12,2013-02-18,1
20130205,AZ,0.00,100.00,88.73,33.06,6.62,0.00,2013-02-05,2013-02-11,1
20130129,AZ,0.00,100.00,88.73,33.06,6.62,0.00,2013-01-29,2013-02-04,1
20130122,AZ,0.00,100.00,97.82,37.86,8.84,0.00,2013-01-22,2013-01-28,1
20130115,AZ,0.00,100.00,97.82,37.86,8.84,0.00,2013-01-15,2013-01-21,1
20130108,AZ,0.00,100.00,97.82,37.78,8.68,0.00,2013-01-08,2013-01-14,1
20130101,AZ,0.00,100.00,97.91,37.78,8.68,0.00,2013-01-01,2013-01-07,1
20121225,AZ,0.00,100.00,97.91,37.78,8.50,0.00,2012-12-25,2012-12-31,1
20121218,AZ,0.00,100.00,97.91,37.78,8.50,0.00,2012-12-18,2012-12-24,1
20121211,AZ,0.00,100.00,98.62,41.48,8.50,0.00,2012-12-11,2012-12-17,1
20121204,AZ,0.00,100.00,98.62,41.43,8.50,0.00,2012-12-04,2012-12-10,1
20121127,AZ,0.00,100.00,98.66,41.43,8.14,0.00,2012-11-27,2012-12-03,1
20121120,AZ,0.00,100.00,98.66,34.10,5.67,0.00,2012-11-20,2012-11-26,1
20121113,AZ,0.00,100.00,98.66,34.10,5.67,0.00,2012-11-13,2012-11-19,1
20121106,AZ,0.00,100.00,98.66,35.51,5.67,0.00,2012-11-06,2012-11-12,1
20121030,AZ,0.00,100.00,98.66,34.89,5.67,0.00,2012-10-30,2012-11-05,1
20121023,AZ,0.00,100.00,98.66,31.28,5.67,0.00,2012-10-23,2012-10-29,1
20121016,AZ,0.00,100.00,98.66,31.28,5.67,0.00,2012-10-16,2012-10-22,1
20121009,AZ,0.00,100.00,100.00,31.42,5.67,0.00,2012-10-09,2012-10-15,1
20121002,AZ,0.00,100.00,100.00,31.42,5.67,0.00,2012-10-02,2012-10-08,1
20120925,AZ,0.00,100.00,100.00,31.93,5.67,0.00,2012-09-25,2012-10-01,1
20120918,AZ,0.00,100.00,100.00,31.93,5.67,0.00,2012-09-18,2012-09-24,1
20120911,AZ,0.00,100.00,100.00,32.65,6.89,0.00,2012-09-11,2012-09-17,1
20120904,AZ,0.00,100.00,100.00,41.70,6.89,0.00,2012-09-04,2012-09-10,1
20120828,AZ,0.00,100.00,100.00,41.68,7.46,0.00,2012-08-28,2012-09-03,1
20120821,AZ,0.00,100.00,100.00,71.29,13.00,0.00,2012-08-21,2012-08-27,1
20120814,AZ,0.00,100.00,100.00,93.97,24.95,0.00,2012-08-14,2012-08-20,1
20120807,AZ,0.00,100.00,100.00,93.97,24.91,0.00,2012-08-07,2012-08-13,1
20120731,AZ,0.00,100.00,100.00,94.07,25.07,0.00,2012-07-31,2012-08-06,1
20120724,AZ,0.00,100.00,100.00,94.07,25.07,0.00,2012-07-24,2012-07-30,1
20120717,AZ,0.00,100.00,100.00,94.07,26.33,0.00,2012-07-17,2012-07-23,1
20120710,AZ,0.00,100.00,100.00,94.07,26.33,0.00,2012-07-10,2012-07-16,1
20120703,AZ,0.00,100.00,100.00,93.78,25.07,0.00,2012-07-03,2012-07-09,1
20120626,AZ,0.00,100.00,100.00,93.72,25.07,0.00,2012-06-26,2012-07-02,1
20120619,AZ,0.00,100.00,100.00,93.72,24.60,0.00,2012-06-19,2012-06-25,1
20120612,AZ,0.00,100.00,96.08,83.21,16.29,0.00,2012-06-12,2012-06-18,1
20120605,AZ,0.00,100.00,96.08,82.74,16.29,0.00,2012-06-05,2012-06-11,1
20120529,AZ,0.00,100.00,96.08,82.74,16.29,0.00,2012-05-29,2012-06-04,1
20120522,AZ,0.00,100.00,96.08,82.74,16.29,0.00,2012-05-22,2012-05-28,1
20120515,AZ,0.00,100.00,96.08,69.31,16.29,0.00,2012-05-15,2012-05-21,1
20120508,AZ,0.00,100.00,96.08,67.19,16.29,0.00,2012-05-08,2012-05-14,1
20120501,AZ,0.00,100.00,96.10,67.19,16.29,0.00,2012-05-01,2012-05-07,1
20120424,AZ,0.00,100.00,95.98,67.19,16.29,0.00,2012-04-24,2012-04-30,1
20120417,AZ,0.00,100.00,95.88,64.96,12.61,0.00,2012-04-17,2012-04-23,1
20120410,AZ,0.00,100.00,93.82,62.21,12.61,0.00,2012-04-10,2012-04-16,1
20120403,AZ,0.00,100.00,93.82,61.86,12.61,0.00,2012-04-03,2012-04-09,1
20120327,AZ,0.39,99.61,93.25,60.47,12.61,0.00,2012-03-27,2012-04-02,1
20120320,AZ,0.47,99.53,93.25,60.47,8.54,0.00,2012-03-20,2012-03-26,1
20120313,AZ,0.47,99.53,92.82,62.25,8.52,0.00,2012-03-13,2012-03-19,1
20120306,AZ,0.47,99.53,91.72,46.23,0.00,0.00,2012-03-06,2012-03-12,1
20120228,AZ,0.47,99.53,91.72,40.36,0.00,0.00,2012-02-28,2012-03-05,1
20120221,AZ,1.98,98.02,86.92,33.32,0.00,0.00,2012-02-21,2012-02-27,1
20120214,AZ,1.98,98.02,80.56,33.32,0.00,0.00,2012-02-14,2012-02-20,1
20120207,AZ,1.39,98.61,81.05,36.56,2.78,0.00,2012-02-07,2012-02-13,1
20120131,AZ,6.39,93.61,73.48,36.56,2.78,0.00,2012-01-31,2012-02-06,1
20120124,AZ,7.23,92.77,60.34,36.56,2.78,0.00,2012-01-24,2012-01-30,1
20120117,AZ,7.36,92.64,60.34,36.56,2.78,0.00,2012-01-17,2012-01-23,1
20120110,AZ,16.70,83.30,60.34,36.56,2.78,0.00,2012-01-10,2012-01-16,1
20120103,AZ,16.70,83.30,60.34,36.56,2.78,0.00,2012-01-03,2012-01-09,1
20111227,AZ,16.70,83.30,60.34,36.56,2.78,0.00,2011-12-27,2012-01-02,1
20111220,AZ,16.70,83.30,60.34,36.56,2.78,0.00,2011-12-20,2011-12-26,1
20111213,AZ,1.53,98.47,71.18,48.80,29.06,0.00,2011-12-13,2011-12-19,1
20111206,AZ,1.53,98.47,71.18,48.80,29.99,0.38,2011-12-06,2011-12-12,1
20111129,AZ,1.53,98.47,72.24,48.80,29.99,0.38,2011-11-29,2011-12-05,1
20111122,AZ,1.53,98.47,72.24,48.80,29.99,1.24,2011-11-22,2011-11-28,1
20111115,AZ,1.53,98.47,72.24,48.80,29.99,1.24,2011-11-15,2011-11-21,1
20111108,AZ,1.50,98.50,72.03,48.37,29.86,1.24,2011-11-08,2011-11-14,1
20111101,AZ,1.50,98.50,72.03,48.37,29.83,1.24,2011-11-01,2011-11-07,1
20111025,AZ,1.43,98.57,68.57,42.81,15.12,1.24,2011-10-25,2011-10-31,1
20111018,AZ,1.43,98.57,68.57,42.81,15.12,1.24,2011-10-18,2011-10-24,1
20111011,AZ,0.89,99.11,69.11,42.81,15.12,1.24,2011-10-11,2011-10-17,1
20111004,AZ,0.02,99.98,69.76,42.81,15.34,1.67,2011-10-04,2011-10-10,1
20110927,AZ,0.02,99.98,69.76,42.81,15.34,1.67,2011-09-27,2011-10-03,1
20110920,AZ,0.02,99.98,69.76,42.81,15.34,1.67,2011-09-20,2011-09-26,1
20110913,AZ,0.01,99.99,71.50,45.86,19.15,1.67,2011-09-13,2011-09-19,1
20110906,AZ,0.01,99.99,70.40,39.34,19.15,1.67,2011-09-06,2011-09-12,1
20110830,AZ,2.41,97.59,70.17,39.12,18.99,1.35,2011-08-30,2011-09-05,1
20110823,AZ,2.41,97.59,61.56,33.69,12.93,2.08,2011-08-23,2011-08-29,1
20110816,AZ,2.41,97.59,61.56,36.79,11.52,2.08,2011-08-16,2011-08-22,1
20110809,AZ,11.15,88.85,60.35,37.15,14.02,4.83,2011-08-09,2011-08-15,1
20110802,AZ,11.15,88.85,60.35,37.15,14.02,4.83,2011-08-02,2011-08-08,1
20110726,AZ,11.15,88.85,60.35,37.15,14.02,4.83,2011-07-26,2011-08-01,1
20110719,AZ,11.15,88.85,60.35,37.15,14.28,4.83,2011-07-19,2011-07-25,1
20110712,AZ,12.78,87.22,60.35,38.20,15.02,4.83,2011-07-12,2011-07-18,1
20110705,AZ,2.46,97.54,61.64,40.02,18.27,5.62,2011-07-05,2011-07-11,1
20110628,AZ,2.46,97.54,61.64,40.02,18.27,5.62,2011-06-28,2011-07-04,1
20110621,AZ,22.60,77.40,56.26,28.69,18.27,5.62,2011-06-21,2011-06-27,1
20110614,AZ,22.51,77.49,56.26,28.69,18.27,5.62,2011-06-14,2011-06-20,1
20110607,AZ,22.51,77.49,56.26,28.69,18.34,0.96,2011-06-07,2011-06-13,1
20110531,AZ,22.51,77.49,56.26,28.69,15.59,0.00,2011-05-31,2011-06-06,1
20110524,AZ,22.51,77.49,56.26,28.69,15.59,0.00,2011-05-24,2011-05-30,1
20110517,AZ,13.83,86.17,58.25,31.54,15.59,0.00,2011-05-17,2011-05-23,1
20110510,AZ,13.83,86.17,57.90,31.54,15.59,0.00,2011-05-10,2011-05-16,1
20110503,AZ,13.93,86.07,57.89,31.54,15.59,0.00,2011-05-03,2011-05-09,1
20110426,AZ,13.93,86.07,57.89,22.16,11.73,0.00,2011-04-26,2011-05-02,1
20110419,AZ,25.62,74.38,49.30,22.16,11.73,0.00,2011-04-19,2011-04-25,1
20110412,AZ,25.62,74.38,49.30,22.16,11.73,0.00,2011-04-12,2011-04-18,1
20110405,AZ,25.66,74.34,49.27,22.05,11.84,0.00,2011-04-05,2011-04-11,1
20110329,AZ,24.84,75.16,47.39,21.37,10.96,0.00,2011-03-29,2011-04-04,1
20110322,AZ,28.64,71.36,40.91,13.72,5.96,0.00,2011-03-22,2011-03-28,1
20110315,AZ,28.64,71.36,40.88,12.59,5.96,0.00,2011-03-15,2011-03-21,1
20110308,AZ,29.07,70.93,40.88,12.59,5.60,0.00,2011-03-08,2011-03-14,1
20110301,AZ,29.07,70.93,40.88,12.59,0.00,0.00,2011-03-01,2011-03-07,1
20110222,AZ,29.07,70.93,40.88,12.59,0.00,0.00,2011-02-22,2011-02-28,1
20110215,AZ,29.07,70.93,40.88,12.59,0.00,0.00,2011-02-15,2011-02-21,1
20110208,AZ,29.04,70.96,40.88,12.59,0.00,0.00,2011-02-08,2011-02-14,1
20110201,AZ,30.61,69.39,32.00,12.50,0.00,0.00,2011-02-01,2011-02-07,1
20110125,AZ,40.46,59.54,32.00,3.94,0.00,0.00,2011-01-25,2011-01-31,1
20110118,AZ,40.46,59.54,32.00,0.00,0.00,0.00,2011-01-18,2011-01-24,1
20110111,AZ,40.34,59.66,31.93,0.00,0.00,0.00,2011-01-11,2011-01-17,1
20110104,AZ,37.05,62.95,32.38,0.00,0.00,0.00,2011-01-04,2011-01-10,1
20101228,AZ,31.40,68.60,32.45,0.00,0.00,0.00,2010-12-28,2011-01-03,1
20101221,AZ,5.65,94.35,36.28,0.00,0.00,0.00,2010-12-21,2010-12-27,1
20101214,AZ,5.65,94.35,26.15,0.00,0.00,0.00,2010-12-14,2010-12-20,1
20101207,AZ,0.13,99.87,6.76,0.00,0.00,0.00,2010-12-07,2010-12-13,1
20101130,AZ,50.48,49.52,6.76,0.00,0.00,0.00,2010-11-30,2010-12-06,1
20101123,AZ,51.18,48.82,6.76,0.00,0.00,0.00,2010-11-23,2010-11-29,1
20101116,AZ,51.18,48.82,6.76,0.00,0.00,0.00,2010-11-16,2010-11-22,1
20101109,AZ,51.45,48.55,3.26,0.00,0.00,0.00,2010-11-09,2010-11-15,1
20101102,AZ,51.45,48.55,3.26,0.00,0.00,0.00,2010-11-02,2010-11-08,1
20101026,AZ,51.45,48.55,3.26,0.00,0.00,0.00,2010-10-26,2010-11-01,1
20101019,AZ,39.75,60.25,8.75,3.23,0.00,0.00,2010-10-19,2010-10-25,1
20101012,AZ,39.75,60.25,8.75,3.23,0.00,0.00,2010-10-12,2010-10-18,1
20101005,AZ,40.00,60.00,18.58,3.23,0.00,0.00,2010-10-05,2010-10-11,1
20100928,AZ,40.00,60.00,18.58,3.23,0.00,0.00,2010-09-28,2010-10-04,1
20100921,AZ,40.00,60.00,18.58,3.23,0.00,0.00,2010-09-21,2010-09-27,1
20100914,AZ,40.00,60.00,18.58,3.23,0.00,0.00,2010-09-14,2010-09-20,1
20100907,AZ,40.00,60.00,12.49,3.23,0.00,0.00,2010-09-07,2010-09-13,1
20100831,AZ,40.00,60.00,12.49,3.17,0.00,0.00,2010-08-31,2010-09-06,1
20100824,AZ,40.00,60.00,12.49,3.17,0.00,0.00,2010-08-24,2010-08-30,1
20100817,AZ,40.00,60.00,12.35,2.67,0.00,0.00,2010-08-17,2010-08-23,1
20100810,AZ,40.00,60.00,13.38,2.67,0.00,0.00,2010-08-10,2010-08-16,1
20100803,AZ,40.00,60.00,21.92,3.56,0.00,0.00,2010-08-03,2010-08-09,1
20100727,AZ,28.79,71.21,28.56,5.05,0.00,0.00,2010-07-27,2010-08-02,1
20100720,AZ,26.29,73.71,21.52,4.21,0.00,0.00,2010-07-20,2010-07-26,1
20100713,AZ,41.94,58.06,16.04,4.21,0.00,0.00,2010-07-13,2010-07-19,1
20100706,AZ,41.94,58.06,16.04,4.21,0.00,0.00,2010-07-06,2010-07-12,1
20100629,AZ,58.07,41.93,14.64,2.66,0.00,0.00,2010-06-29,2010-07-05,1
20100622,AZ,59.75,40.25,14.64,2.66,0.00,0.00,2010-06-22,2010-06-28,1
20100615,AZ,63.84,36.16,14.64,2.66,0.00,0.00,2010-06-15,2010-06-21,1
20100608,AZ,63.87,36.13,14.43,2.66,0.00,0.00,2010-06-08,2010-06-14,1
20100601,AZ,63.43,36.57,14.43,2.66,0.00,0.00,2010-06-01,2010-06-07,1
20100525,AZ,63.43,36.57,14.43,2.66,0.00,0.00,2010-05-25,2010-05-31,1
20100518,AZ,63.43,36.57,14.43,2.66,0.00,0.00,2010-05-18,2010-05-24,1
20100511,AZ,43.04,56.96,14.43,2.66,0.00,0.00,2010-05-11,2010-05-17,1
20100504,AZ,43.08,56.92,14.43,2.66,0.00,0.00,2010-05-04,2010-05-10,1
20100427,AZ,43.08,56.92,14.43,2.66,0.00,0.00,2010-04-27,2010-05-03,1
20100420,AZ,43.08,56.92,14.43,2.66,0.00,0.00,2010-04-20,2010-04-26,1
20100413,AZ,39.37,60.63,14.43,2.66,0.00,0.00,2010-04-13,2010-04-19,1
20100406,AZ,32.96,67.04,14.43,2.66,0.00,0.00,2010-04-06,2010-04-12,1
20100330,AZ,32.96,67.04,14.43,2.66,0.00,0.00,2010-03-30,2010-04-05,1
20100323,AZ,32.96,67.04,23.97,6.41,0.00,0.00,2010-03-23,2010-03-29,1
20100316,AZ,28.53,71.47,27.56,9.01,0.00,0.00,2010-03-16,2010-03-22,1
20100309,AZ,23.75,76.25,30.29,9.17,0.00,0.00,2010-03-09,2010-03-15,1
20100302,AZ,23.75,76.25,48.32,14.48,0.00,0.00,2010-03-02,2010-03-08,1
20100223,AZ,15.26,84.74,53.30,14.48,0.00,0.00,2010-02-23,2010-03-01,1
20100216,AZ,15.26,84.74,53.37,14.48,0.00,0.00,2010-02-16,2010-02-22,1
20100209,AZ,15.16,84.84,53.37,14.48,0.00,0.00,2010-02-09,2010-02-15,1
20100202,AZ,10.53,89.47,55.91,14.48,0.00,0.00,2010-02-02,2010-02-08,1
20100126,AZ,7.79,92.21,68.52,15.75,3.47,0.00,2010-01-26,2010-02-01,1
20100119,AZ,0.00,100.00,97.34,87.97,9.61,0.00,2010-01-19,2010-01-25,1
20100112,AZ,0.00,100.00,97.34,87.97,9.61,0.00,2010-01-12,2010-01-18,1
20100105,AZ,0.00,100.00,97.23,71.10,5.06,0.00,2010-01-05,2010-01-11,1
20091229,AZ,0.00,100.00,97.23,71.18,5.06,0.00,2009-12-29,2010-01-04,1
20091222,AZ,0.00,100.00,97.23,71.18,5.06,0.00,2009-12-22,2009-12-28,1
20091215,AZ,0.00,100.00,97.23,71.18,5.06,0.00,2009-12-15,2009-12-21,1
20091208,AZ,0.00,100.00,97.23,75.55,5.70,0.00,2009-12-08,2009-12-14,1
20091201,AZ,0.00,100.00,97.23,75.55,5.70,0.00,2009-12-01,2009-12-07,1
20091124,AZ,0.00,100.00,97.23,75.58,5.40,0.00,2009-11-24,2009-11-30,1
20091117,AZ,0.00,100.00,89.61,63.50,0.00,0.00,2009-11-17,2009-11-23,1
20091110,AZ,0.00,100.00,86.91,55.23,0.00,0.00,2009-11-10,2009-11-16,1
20091103,AZ,0.00,100.00,86.91,53.49,0.00,0.00,2009-11-03,2009-11-09,1
20091027,AZ,0.00,100.00,84.63,53.49,0.00,0.00,2009-10-27,2009-11-02,1
20091020,AZ,0.00,100.00,84.63,53.50,0.00,0.00,2009-10-20,2009-10-26,1
20091013,AZ,0.00,100.00,84.63,53.50,0.00,0.00,2009-10-13,2009-10-19,1
20091006,AZ,1.42,98.58,80.33,10.70,0.00,0.00,2009-10-06,2009-10-12,1
20090929,AZ,4.63,95.37,53.86,0.00,0.00,0.00,2009-09-29,2009-10-05,1
20090922,AZ,4.63,95.37,53.42,0.00,0.00,0.00,2009-09-22,2009-09-28,1
20090915,AZ,1.16,98.84,59.06,0.00,0.00,0.00,2009-09-15,2009-09-21,1
20090908,AZ,1.16,98.84,60.40,0.00,0.00,0.00,2009-09-08,2009-09-14,1
20090901,AZ,1.16,98.84,47.31,0.00,0.00,0.00,2009-09-01,2009-09-07,1
20090825,AZ,10.27,89.73,47.31,0.00,0.00,0.00,2009-08-25,2009-08-31,1
20090818,AZ,10.42,89.58,4.25,0.00,0.00,0.00,2009-08-18,2009-08-24,1
20090811,AZ,10.42,89.58,0.00,0.00,0.00,0.00,2009-08-11,2009-08-17,1
20090804,AZ,10.52,89.48,0.00,0.00,0.00,0.00,2009-08-04,2009-08-10,1
20090728,AZ,45.83,54.17,0.00,0.00,0.00,0.00,2009-07-28,2009-08-03,1
20090721,AZ,45.83,54.17,0.00,0.00,0.00,0.00,2009-07-21,2009-07-27,1
20090714,AZ,45.83,54.17,0.00,0.00,0.00,0.00,2009-07-14,2009-07-20,1
20090707,AZ,45.83,54.17,0.00,0.00,0.00,0.00,2009-07-07,2009-07-13,1
20090630,AZ,38.16,61.84,4.58,0.00,0.00,0.00,2009-06-30,2009-07-06,1
20090623,AZ,35.40,64.60,7.18,0.00,0.00,0.00,2009-06-23,2009-06-29,1
20090616,AZ,35.35,64.65,7.18,0.00,0.00,0.00,2009-06-16,2009-06-22,1
20090609,AZ,35.20,64.80,7.18,0.00,0.00,0.00,2009-06-09,2009-06-15,1
20090602,AZ,35.20,64.80,7.18,0.00,0.00,0.00,2009-06-02,2009-06-08,1
20090526,AZ,33.22,66.78,7.18,0.00,0.00,0.00,2009-05-26,2009-06-01,1
20090519,AZ,17.20,82.80,34.80,0.00,0.00,0.00,2009-05-19,2009-05-25,1
20090512,AZ,18.69,81.31,26.25,0.00,0.00,0.00,2009-05-12,2009-05-18,1
20090505,AZ,18.71,81.29,19.01,0.00,0.00,0.00,2009-05-05,2009-05-11,1
20090428,AZ,18.70,81.30,14.41,0.00,0.00,0.00,2009-04-28,2009-05-04,1
20090421,AZ,18.69,81.31,14.41,0.00,0.00,0.00,2009-04-21,2009-04-27,1
20090414,AZ,43.01,56.99,1.70,0.00,0.00,0.00,2009-04-14,2009-04-20,1
20090407,AZ,59.71,40.29,1.70,0.00,0.00,0.00,2009-04-07,2009-04-13,1
20090331,AZ,59.71,40.29,1.70,0.00,0.00,0.00,2009-03-31,2009-04-06,1
20090324,AZ,59.71,40.29,1.70,0.00,0.00,0.00,2009-03-24,2009-03-30,1
20090317,AZ,61.06,38.94,1.63,0.00,0.00,0.00,2009-03-17,2009-03-23,1
20090310,AZ,61.06,38.94,1.63,0.00,0.00,0.00,2009-03-10,2009-03-16,1
20090303,AZ,70.72,29.28,1.63,0.00,0.00,0.00,2009-03-03,2009-03-09,1
20090224,AZ,78.97,21.03,0.00,0.00,0.00,0.00,2009-02-24,2009-03-02,1
20090217,AZ,78.97,21.03,0.00,0.00,0.00,0.00,2009-02-17,2009-02-23,1
20090210,AZ,64.78,35.22,0.20,0.00,0.00,0.00,2009-02-10,2009-02-16,1
20090203,AZ,62.13,37.87,1.00,0.00,0.00,0.00,2009-02-03,2009-02-09,1
20090127,AZ,62.20,37.80,1.00,0.00,0.00,0.00,2009-01-27,2009-02-02,1
20090120,AZ,62.31,37.69,1.00,0.00,0.00,0.00,2009-01-20,2009-01-26,1
20090113,AZ,62.31,37.69,1.00,0.00,0.00,0.00,2009-01-13,2009-01-19,1
20090106,AZ,62.31,37.69,1.00,0.00,0.00,0.00,2009-01-06,2009-01-12,1
20081230,AZ,61.24,38.76,1.00,0.00,0.00,0.00,2008-12-30,2009-01-05,1
20081223,AZ,58.94,41.06,1.00,0.00,0.00,0.00,2008-12-23,2008-12-29,1
20081216,AZ,39.68,60.32,1.18,0.00,0.00,0.00,2008-12-16,2008-12-22,1
20081209,AZ,39.68,60.32,1.18,0.00,0.00,0.00,2008-12-09,2008-12-15,1
20081202,AZ,39.68,60.32,1.18,0.00,0.00,0.00,2008-12-02,2008-12-08,1
20081125,AZ,39.68,60.32,1.18,0.00,0.00,0.00,2008-11-25,2008-12-01,1
20081118,AZ,39.68,60.32,1.18,0.00,0.00,0.00,2008-11-18,2008-11-24,1
20081111,AZ,66.43,33.57,1.18,0.00,0.00,0.00,2008-11-11,2008-11-17,1
20081104,AZ,67.49,32.51,1.18,0.00,0.00,0.00,2008-11-04,2008-11-10,1
20081028,AZ,67.49,32.51,1.18,0.00,0.00,0.00,2008-10-28,2008-11-03,1
20081021,AZ,67.53,32.47,1.25,0.00,0.00,0.00,2008-10-21,2008-10-27,1
20081014,AZ,83.13,16.87,1.00,0.00,0.00,0.00,2008-10-14,2008-10-20,1
20081007,AZ,83.10,16.90,0.79,0.00,0.00,0.00,2008-10-07,2008-10-13,1
20080930,AZ,83.10,16.90,3.23,0.00,0.00,0.00,2008-09-30,2008-10-06,1
20080923,AZ,83.10,16.90,3.23,0.00,0.00,0.00,2008-09-23,2008-09-29,1
20080916,AZ,83.10,16.90,3.23,0.00,0.00,0.00,2008-09-16,2008-09-22,1
20080909,AZ,83.17,16.83,3.23,0.00,0.00,0.00,2008-09-09,2008-09-15,1
20080902,AZ,83.17,16.83,5.13,0.00,0.00,0.00,2008-09-02,2008-09-08,1
20080826,AZ,83.21,16.79,2.32,0.00,0.00,0.00,2008-08-26,2008-09-01,1
20080819,AZ,83.21,16.79,2.32,0.00,0.00,0.00,2008-08-19,2008-08-25,1
20080812,AZ,83.11,16.89,2.32,0.00,0.00,0.00,2008-08-12,2008-08-18,1
20080805,AZ,83.58,16.42,2.32,0.00,0.00,0.00,2008-08-05,2008-08-11,1
20080729,AZ,83.58,16.42,2.32,0.00,0.00,0.00,2008-07-29,2008-08-04,1
20080722,AZ,83.58,16.42,2.32,0.00,0.00,0.00,2008-07-22,2008-07-28,1
20080715,AZ,55.13,44.87,16.95,0.00,0.00,0.00,2008-07-15,2008-07-21,1
20080708,AZ,43.06,56.94,20.01,1.87,0.00,0.00,2008-07-08,2008-07-14,1
20080701,AZ,43.06,56.94,22.07,1.87,0.00,0.00,2008-07-01,2008-07-07,1
20080624,AZ,43.06,56.94,23.78,1.87,0.00,0.00,2008-06-24,2008-06-30,1
20080617,AZ,43.06,56.94,23.78,1.87,0.00,0.00,2008-06-17,2008-06-23,1
20080610,AZ,44.16,55.84,18.87,0.00,0.00,0.00,2008-06-10,2008-06-16,1
20080603,AZ,44.26,55.74,18.87,0.00,0.00,0.00,2008-06-03,2008-06-09,1
20080527,AZ,44.26,55.74,18.87,0.00,0.00,0.00,2008-05-27,2008-06-02,1
20080520,AZ,0.00,100.00,24.75,0.00,0.00,0.00,2008-05-20,2008-05-26,1
20080513,AZ,0.00,100.00,24.75,0.00,0.00,0.00,2008-05-13,2008-05-19,1
20080506,AZ,0.00,100.00,24.75,0.00,0.00,0.00,2008-05-06,2008-05-12,1
20080429,AZ,0.17,99.83,27.56,0.00,0.00,0.00,2008-04-29,2008-05-05,1
20080422,AZ,54.74,45.26,20.49,0.00,0.00,0.00,2008-04-22,2008-04-28,1
20080415,AZ,54.74,45.26,20.49,0.00,0.00,0.00,2008-04-15,2008-04-21,1
20080408,AZ,54.95,45.05,18.58,0.00,0.00,0.00,2008-04-08,2008-04-14,1
20080401,AZ,54.95,45.05,18.58,0.00,0.00,0.00,2008-04-01,2008-04-07,1
20080325,AZ,62.02,37.98,17.39,0.00,0.00,0.00,2008-03-25,2008-03-31,1
20080318,AZ,62.02,37.98,17.39,0.78,0.00,0.00,2008-03-18,2008-03-24,1
20080311,AZ,62.02,37.98,17.39,0.78,0.00,0.00,2008-03-11,2008-03-17,1
20080304,AZ,62.02,37.98,17.39,0.78,0.00,0.00,2008-03-04,2008-03-10,1
20080226,AZ,60.11,39.89,17.90,0.78,0.00,0.00,2008-02-26,2008-03-03,1
20080219,AZ,60.11,39.89,17.90,0.78,0.00,0.00,2008-02-19,2008-02-25,1
20080212,AZ,60.11,39.89,17.90,0.78,0.00,0.00,2008-02-12,2008-02-18,1
20080205,AZ,62.70,37.30,18.04,0.78,0.00,0.00,2008-02-05,2008-02-11,1
20080129,AZ,58.02,41.98,20.62,0.78,0.00,0.00,2008-01-29,2008-02-04,1
20080122,AZ,29.26,70.74,42.59,21.90,0.00,0.00,2008-01-22,2008-01-28,1
20080115,AZ,29.26,70.74,42.72,21.90,0.00,0.00,2008-01-15,2008-01-21,1
20080108,AZ,29.26,70.74,42.72,21.90,0.00,0.00,2008-01-08,2008-01-14,1
20080101,AZ,23.12,76.88,48.69,30.80,0.00,0.00,2008-01-01,2008-01-07,1
20071225,AZ,23.12,76.88,48.70,30.80,0.00,0.00,2007-12-25,2007-12-31,1
20071218,AZ,23.12,76.88,48.70,30.80,0.00,0.00,2007-12-18,2007-12-24,1
20071211,AZ,23.12,76.88,48.37,30.80,0.00,0.00,2007-12-11,2007-12-17,1
20071204,AZ,13.60,86.40,54.12,30.80,0.00,0.00,2007-12-04,2007-12-10,1
20071127,AZ,7.11,92.89,81.11,41.16,27.16,0.00,2007-11-27,2007-12-03,1
20071120,AZ,7.11,92.89,63.55,41.16,27.16,0.00,2007-11-20,2007-11-26,1
20071113,AZ,7.11,92.89,63.55,41.16,27.16,0.00,2007-11-13,2007-11-19,1
20071106,AZ,7.11,92.89,63.55,40.52,27.16,0.00,2007-11-06,2007-11-12,1
20071030,AZ,12.94,87.06,63.55,40.52,27.16,0.00,2007-10-30,2007-11-05,1
20071023,AZ,12.94,87.06,63.55,40.52,27.16,0.00,2007-10-23,2007-10-29,1
20071016,AZ,12.94,87.06,63.55,40.52,27.16,0.00,2007-10-16,2007-10-22,1
20071009,AZ,12.94,87.06,63.55,40.52,27.16,0.00,2007-10-09,2007-10-15,1
20071002,AZ,12.94,87.06,63.55,40.52,27.16,0.00,2007-10-02,2007-10-08,1
20070925,AZ,12.96,87.04,63.92,40.52,27.16,0.00,2007-09-25,2007-10-01,1
20070918,AZ,11.45,88.55,67.85,50.77,27.16,0.00,2007-09-18,2007-09-24,1
20070911,AZ,11.45,88.55,67.85,50.77,27.16,0.00,2007-09-11,2007-09-17,1
20070904,AZ,11.45,88.55,67.85,50.77,27.16,0.00,2007-09-04,2007-09-10,1
20070828,AZ,11.45,88.55,67.85,50.77,27.16,0.00,2007-08-28,2007-09-03,1
20070821,AZ,10.57,89.43,68.27,50.77,27.16,0.00,2007-08-21,2007-08-27,1
20070814,AZ,3.13,96.87,86.75,52.61,28.59,0.00,2007-08-14,2007-08-20,1
20070807,AZ,0.00,100.00,89.08,51.51,28.59,0.00,2007-08-07,2007-08-13,1
20070731,AZ,0.00,100.00,89.08,80.46,28.59,0.00,2007-07-31,2007-08-06,1
20070724,AZ,0.00,100.00,89.08,80.46,28.59,0.00,2007-07-24,2007-07-30,1
20070717,AZ,0.00,100.00,89.08,74.21,28.59,0.00,2007-07-17,2007-07-23,1
20070710,AZ,0.00,100.00,89.08,74.21,28.59,0.00,2007-07-10,2007-07-16,1
20070703,AZ,0.00,100.00,89.08,74.21,26.51,0.00,2007-07-03,2007-07-09,1
20070626,AZ,0.00,100.00,89.08,74.21,26.51,0.00,2007-06-26,2007-07-02,1
20070619,AZ,0.00,100.00,89.08,74.21,21.93,0.00,2007-06-19,2007-06-25,1
20070612,AZ,0.00,100.00,89.08,74.21,21.96,0.00,2007-06-12,2007-06-18,1
20070605,AZ,0.00,100.00,89.08,74.21,21.96,0.00,2007-06-05,2007-06-11,1
20070529,AZ,0.00,100.00,89.08,74.21,21.96,0.00,2007-05-29,2007-06-04,1
20070522,AZ,0.00,100.00,89.54,74.21,21.96,0.00,2007-05-22,2007-05-28,1
20070515,AZ,0.00,100.00,89.54,74.21,21.96,0.00,2007-05-15,2007-05-21,1
20070508,AZ,0.00,100.00,89.54,74.21,21.96,0.00,2007-05-08,2007-05-14,1
20070501,AZ,0.00,100.00,89.54,74.21,21.96,0.00,2007-05-01,2007-05-07,1
20070424,AZ,0.00,100.00,89.24,74.21,21.96,0.00,2007-04-24,2007-04-30,1
20070417,AZ,0.00,100.00,89.24,74.21,21.96,0.00,2007-04-17,2007-04-23,1
20070410,AZ,0.00,100.00,89.24,71.68,21.69,0.00,2007-04-10,2007-04-16,1
20070403,AZ,0.00,100.00,89.24,71.68,21.69,0.00,2007-04-03,2007-04-09,1
20070327,AZ,0.00,100.00,89.88,71.68,21.69,0.00,2007-03-27,2007-04-02,1
20070320,AZ,0.00,100.00,90.48,72.24,21.69,0.00,2007-03-20,2007-03-26,1
20070313,AZ,0.00,100.00,89.19,68.86,21.69,0.00,2007-03-13,2007-03-19,1
20070306,AZ,5.17,94.83,77.44,50.05,0.00,0.00,2007-03-06,2007-03-12,1
20070227,AZ,5.17,94.83,74.98,50.05,0.00,0.00,2007-02-27,2007-03-05,1
20070220,AZ,4.77,95.23,78.00,50.05,0.00,0.00,2007-02-20,2007-02-26,1
20070213,AZ,4.77,95.23,78.00,50.05,0.00,0.00,2007-02-13,2007-02-19,1
20070206,AZ,4.77,95.23,78.00,50.05,0.00,0.00,2007-02-06,2007-02-12,1
20070130,AZ,4.49,95.51,78.00,33.36,0.00,0.00,2007-01-30,2007-02-05,1
20070123,AZ,4.49,95.51,77.75,33.36,0.00,0.00,2007-01-23,2007-01-29,1
20070116,AZ,4.05,95.95,77.94,31.74,3.02,0.00,2007-01-16,2007-01-22,1
20070109,AZ,4.05,95.95,77.94,31.74,3.02,0.00,2007-01-09,2007-01-15,1
20070102,AZ,1.01,98.99,77.29,22.75,3.02,0.00,2007-01-02,2007-01-08,1
20061226,AZ,1.00,99.00,77.13,22.75,3.02,0.00,2006-12-26,2007-01-01,1
20061219,AZ,1.00,99.00,77.13,22.75,3.02,0.00,2006-12-19,2006-12-25,1
20061212,AZ,1.08,98.92,77.08,22.75,3.02,0.00,2006-12-12,2006-12-18,1
20061205,AZ,6.13,93.87,68.28,22.75,3.02,0.00,2006-12-05,2006-12-11,1
20061128,AZ,5.95,94.05,67.87,22.75,3.02,0.00,2006-11-28,2006-12-04,1
20061121,AZ,6.04,93.96,67.87,22.75,3.02,0.00,2006-11-21,2006-11-27,1
20061114,AZ,6.25,93.75,67.87,22.75,3.02,0.00,2006-11-14,2006-11-20,1
20061107,AZ,6.25,93.75,67.87,22.75,3.02,0.00,2006-11-07,2006-11-13,1
20061031,AZ,6.25,93.75,67.87,22.75,3.02,0.00,2006-10-31,2006-11-06,1
20061024,AZ,6.25,93.75,67.87,22.75,3.02,0.00,2006-10-24,2006-10-30,1
20061017,AZ,6.25,93.75,67.87,22.75,3.02,0.00,2006-10-17,2006-10-23,1
20061010,AZ,6.25,93.75,67.87,22.75,3.02,0.00,2006-10-10,2006-10-16,1
20061003,AZ,5.42,94.58,75.93,28.46,7.27,0.00,2006-10-03,2006-10-09,1
20060926,AZ,5.58,94.42,75.93,28.46,7.27,0.00,2006-09-26,2006-10-02,1
20060919,AZ,5.63,94.37,75.93,28.46,7.27,0.00,2006-09-19,2006-09-25,1
20060912,AZ,1.19,98.81,87.33,40.16,10.16,0.00,2006-09-12,2006-09-18,1
20060905,AZ,1.24,98.76,87.33,44.46,10.61,0.00,2006-09-05,2006-09-11,1
20060829,AZ,1.42,98.58,84.17,41.53,10.61,0.00,2006-08-29,2006-09-04,1
20060822,AZ,1.07,98.93,90.77,41.53,11.78,0.00,2006-08-22,2006-08-28,1
20060815,AZ,0.85,99.15,91.66,58.52,15.24,0.00,2006-08-15,2006-08-21,1
20060808,AZ,0.85,99.15,93.22,62.85,18.82,0.00,2006-08-08,2006-08-14,1
20060801,AZ,0.85,99.15,94.57,74.14,22.07,1.48,2006-08-01,2006-08-07,1
20060725,AZ,0.04,99.96,95.59,79.13,46.11,6.36,2006-07-25,2006-07-31,1
20060718,AZ,0.04,99.96,95.59,79.13,46.11,6.36,2006-07-18,2006-07-24,1
20060711,AZ,0.00,100.00,95.59,79.13,46.11,6.36,2006-07-11,2006-07-17,1
20060704,AZ,0.00,100.00,95.50,76.80,45.77,14.25,2006-07-04,2006-07-10,1
20060627,AZ,0.00,100.00,97.19,84.20,51.21,16.78,2006-06-27,2006-07-03,1
20060620,AZ,0.00,100.00,97.19,84.20,51.21,14.47,2006-06-20,2006-06-26,1
20060613,AZ,0.00,100.00,97.19,84.20,51.21,14.47,2006-06-13,2006-06-19,1
20060606,AZ,0.00,100.00,97.32,84.57,51.21,14.44,2006-06-06,2006-06-12,1
20060530,AZ,0.00,100.00,94.49,80.82,51.21,14.44,2006-05-30,2006-06-05,1
20060523,AZ,0.00,100.00,94.49,80.82,51.21,14.44,2006-05-23,2006-05-29,1
20060516,AZ,0.00,100.00,94.32,79.15,50.20,14.44,2006-05-16,2006-05-22,1
20060509,AZ,0.00,100.00,91.37,76.27,48.33,12.37,2006-05-09,2006-05-15,1
20060502,AZ,0.00,100.00,91.76,76.27,31.17,12.37,2006-05-02,2006-05-08,1
20060425,AZ,0.00,100.00,92.67,76.27,26.16,0.00,2006-04-25,2006-05-01,1
20060418,AZ,0.00,100.00,92.67,76.27,26.16,0.00,2006-04-18,2006-04-24,1
20060411,AZ,0.00,100.00,92.67,76.27,26.16,0.00,2006-04-11,2006-04-17,1
20060404,AZ,0.00,100.00,92.67,76.27,27.84,0.00,2006-04-04,2006-04-10,1
20060328,AZ,0.00,100.00,91.58,76.27,27.84,0.00,2006-03-28,2006-04-03,1
20060321,AZ,0.00,100.00,91.56,76.27,27.84,0.00,2006-03-21,2006-03-27,1
20060314,AZ,0.00,100.00,91.45,76.27,27.84,0.00,2006-03-14,2006-03-20,1
20060307,AZ,0.00,100.00,91.73,77.18,45.36,0.00,2006-03-07,2006-03-13,1
20060228,AZ,0.00,100.00,91.92,73.10,32.40,0.00,2006-02-28,2006-03-06,1
20060221,AZ,0.00,100.00,86.65,72.07,32.40,0.00,2006-02-21,2006-02-27,1
20060214,AZ,0.00,100.00,82.25,62.46,32.40,0.00,2006-02-14,2006-02-20,1
20060207,AZ,0.00,100.00,82.25,62.46,32.40,0.00,2006-02-07,2006-02-13,1
20060131,AZ,3.03,96.97,78.00,46.07,7.84,0.00,2006-01-31,2006-02-06,1
20060124,AZ,3.03,96.97,56.29,35.90,0.00,0.00,2006-01-24,2006-01-30,1
20060117,AZ,3.03,96.97,56.29,17.02,0.00,0.00,2006-01-17,2006-01-23,1
20060110,AZ,2.64,97.36,54.47,9.71,0.00,0.00,2006-01-10,2006-01-16,1
20060103,AZ,2.77,97.23,40.36,0.00,0.00,0.00,2006-01-03,2006-01-09,1
20051227,AZ,21.92,78.08,20.27,0.00,0.00,0.00,2005-12-27,2006-01-02,1
20051220,AZ,21.92,78.08,20.27,0.00,0.00,0.00,2005-12-20,2005-12-26,1
20051213,AZ,21.92,78.08,20.27,0.00,0.00,0.00,2005-12-13,2005-12-19,1
20051206,AZ,49.95,50.05,11.19,0.00,0.00,0.00,2005-12-06,2005-12-12,1
20051129,AZ,49.95,50.05,11.19,0.00,0.00,0.00,2005-11-29,2005-12-05,1
20051122,AZ,49.95,50.05,11.19,0.00,0.00,0.00,2005-11-22,2005-11-28,1
20051115,AZ,49.95,50.05,11.19,0.00,0.00,0.00,2005-11-15,2005-11-21,1
20051108,AZ,49.95,50.05,11.19,0.00,0.00,0.00,2005-11-08,2005-11-14,1
20051101,AZ,49.95,50.05,11.19,0.00,0.00,0.00,2005-11-01,2005-11-07,1
20051025,AZ,49.95,50.05,11.19,0.00,0.00,0.00,2005-10-25,2005-10-31,1
20051018,AZ,49.95,50.05,11.19,0.00,0.00,0.00,2005-10-18,2005-10-24,1
20051011,AZ,49.95,50.05,11.16,0.00,0.00,0.00,2005-10-11,2005-10-17,1
20051004,AZ,66.74,33.26,11.65,0.00,0.00,0.00,2005-10-04,2005-10-10,1
20050927,AZ,66.72,33.28,11.65,0.00,0.00,0.00,2005-09-27,2005-10-03,1
20050920,AZ,66.45,33.55,11.65,0.00,0.00,0.00,2005-09-20,2005-09-26,1
20050913,AZ,65.06,34.94,11.65,0.00,0.00,0.00,2005-09-13,2005-09-19,1
20050906,AZ,65.06,34.94,11.65,0.00,0.00,0.00,2005-09-06,2005-09-12,1
20050830,AZ,64.63,35.37,11.65,0.00,0.00,0.00,2005-08-30,2005-09-05,1
20050823,AZ,64.79,35.21,11.65,0.00,0.00,0.00,2005-08-23,2005-08-29,1
20050816,AZ,57.69,42.31,16.47,0.00,0.00,0.00,2005-08-16,2005-08-22,1
20050809,AZ,39.26,60.74,19.87,0.00,0.00,0.00,2005-08-09,2005-08-15,1
20050802,AZ,21.89,78.11,26.26,0.00,0.00,0.00,2005-08-02,2005-08-08,1
20050726,AZ,19.12,80.88,27.77,0.00,0.00,0.00,2005-07-26,2005-08-01,1
20050719,AZ,45.08,54.92,19.46,0.00,0.00,0.00,2005-07-19,2005-07-25,1
20050712,AZ,45.08,54.92,19.46,0.00,0.00,0.00,2005-07-12,2005-07-18,1
20050705,AZ,45.08,54.92,19.46,0.00,0.00,0.00,2005-07-05,2005-07-11,1
20050628,AZ,46.13,53.87,19.46,0.00,0.00,0.00,2005-06-28,2005-07-04,1
20050621,AZ,45.52,54.48,19.46,0.00,0.00,0.00,2005-06-21,2005-06-27,1
20050614,AZ,45.20,54.80,19.46,0.00,0.00,0.00,2005-06-14,2005-06-20,1
20050607,AZ,45.20,54.80,19.46,0.00,0.00,0.00,2005-06-07,2005-06-13,1
20050531,AZ,46.63,53.37,9.53,0.00,0.00,0.00,2005-05-31,2005-06-06,1
20050524,AZ,46.63,53.37,9.53,0.00,0.00,0.00,2005-05-24,2005-05-30,1
20050517,AZ,46.63,53.37,9.53,0.00,0.00,0.00,2005-05-17,2005-05-23,1
20050510,AZ,46.62,53.38,9.53,2.89,0.00,0.00,2005-05-10,2005-05-16,1
20050503,AZ,42.47,57.53,11.90,2.89,0.00,0.00,2005-05-03,2005-05-09,1
20050426,AZ,42.35,57.65,14.45,2.89,0.00,0.00,2005-04-26,2005-05-02,1
20050419,AZ,38.38,61.62,23.08,2.89,0.00,0.00,2005-04-19,2005-04-25,1
20050412,AZ,38.38,61.62,23.12,2.89,0.00,0.00,2005-04-12,2005-04-18,1
20050405,AZ,33.52,66.48,37.35,5.67,0.00,0.00,2005-04-05,2005-04-11,1
20050329,AZ,33.55,66.45,38.01,5.90,0.00,0.00,2005-03-29,2005-04-04,1
20050322,AZ,27.79,72.21,38.01,5.91,0.00,0.00,2005-03-22,2005-03-28,1
20050315,AZ,24.22,75.78,38.01,5.91,0.00,0.00,2005-03-15,2005-03-21,1
20050308,AZ,24.22,75.78,38.01,5.91,0.00,0.00,2005-03-08,2005-03-14,1
20050301,AZ,24.22,75.78,38.01,5.91,0.00,0.00,2005-03-01,2005-03-07,1
20050222,AZ,8.76,91.24,42.52,7.55,2.75,0.00,2005-02-22,2005-02-28,1
20050215,AZ,8.76,91.24,46.83,12.68,2.75,0.00,2005-02-15,2005-02-21,1
20050208,AZ,3.31,96.69,79.04,37.43,7.99,0.00,2005-02-08,2005-02-14,1
20050201,AZ,0.38,99.62,82.15,40.14,10.09,0.00,2005-02-01,2005-02-07,1
20050125,AZ,0.38,99.62,83.71,40.14,10.09,0.00,2005-01-25,2005-01-31,1
20050118,AZ,0.31,99.69,83.71,40.14,10.09,0.00,2005-01-18,2005-01-24,1
20050111,AZ,0.00,100.00,83.71,40.14,13.90,0.00,2005-01-11,2005-01-17,1
20050104,AZ,0.00,100.00,91.28,50.23,17.15,0.00,2005-01-04,2005-01-10,1
20041228,AZ,0.00,100.00,94.20,61.02,23.12,0.00,2004-12-28,2005-01-03,1
20041221,AZ,0.00,100.00,94.20,61.02,23.12,0.00,2004-12-21,2004-12-27,1
20041214,AZ,0.00,100.00,94.20,61.02,23.12,0.00,2004-12-14,2004-12-20,1
20041207,AZ,0.00,100.00,94.00,61.06,23.12,0.00,2004-12-07,2004-12-13,1
20041130,AZ,0.00,100.00,94.24,61.73,23.12,0.00,2004-11-30,2004-12-06,1
20041123,AZ,0.00,100.00,94.19,64.16,23.92,0.00,2004-11-23,2004-11-29,1
20041116,AZ,0.00,100.00,94.19,65.15,25.89,0.00,2004-11-16,2004-11-22,1
20041109,AZ,0.00,100.00,91.11,62.57,25.88,0.00,2004-11-09,2004-11-15,1
20041102,AZ,0.00,100.00,91.11,82.32,27.18,0.00,2004-11-02,2004-11-08,1
20041026,AZ,0.00,100.00,91.11,82.32,27.18,0.00,2004-10-26,2004-11-01,1
20041019,AZ,0.00,100.00,91.11,82.32,39.21,0.00,2004-10-19,2004-10-25,1
20041012,AZ,0.00,100.00,91.11,82.32,39.21,0.00,2004-10-12,2004-10-18,1
20041005,AZ,0.00,100.00,91.11,82.32,40.61,0.00,2004-10-05,2004-10-11,1
20040928,AZ,0.00,100.00,91.11,82.32,40.61,0.00,2004-09-28,2004-10-04,1
20040921,AZ,0.00,100.00,91.11,82.32,40.61,0.00,2004-09-21,2004-09-27,1
20040914,AZ,0.00,100.00,91.11,82.32,55.24,0.00,2004-09-14,2004-09-20,1
20040907,AZ,0.00,100.00,90.41,81.74,55.24,0.00,2004-09-07,2004-09-13,1
20040831,AZ,0.00,100.00,90.41,81.74,56.62,0.00,2004-08-31,2004-09-06,1
20040824,AZ,0.00,100.00,90.41,81.74,56.62,0.00,2004-08-24,2004-08-30,1
20040817,AZ,0.00,100.00,90.41,81.74,57.92,0.00,2004-08-17,2004-08-23,1
20040810,AZ,0.00,100.00,90.41,77.27,59.17,0.00,2004-08-10,2004-08-16,1
20040803,AZ,0.00,100.00,90.41,76.91,55.23,0.00,2004-08-03,2004-08-09,1
20040727,AZ,0.00,100.00,90.41,76.91,55.23,0.00,2004-07-27,2004-08-02,1
20040720,AZ,0.00,100.00,90.71,75.62,51.93,0.00,2004-07-20,2004-07-26,1
20040713,AZ,0.00,100.00,90.41,75.62,51.93,0.00,2004-07-13,2004-07-19,1
20040706,AZ,0.00,100.00,90.41,75.62,51.13,0.00,2004-07-06,2004-07-12,1
20040629,AZ,0.00,100.00,90.47,75.42,51.13,0.00,2004-06-29,2004-07-05,1
20040622,AZ,0.00,100.00,90.41,75.42,51.13,0.00,2004-06-22,2004-06-28,1
20040615,AZ,0.00,100.00,90.37,74.80,51.13,0.00,2004-06-15,2004-06-21,1
20040608,AZ,0.00,100.00,90.37,74.80,51.26,0.00,2004-06-08,2004-06-14,1
20040601,AZ,0.00,100.00,90.67,73.24,51.55,0.00,2004-06-01,2004-06-07,1
20040525,AZ,0.00,100.00,88.77,73.71,51.55,0.00,2004-05-25,2004-05-31,1
20040518,AZ,0.00,100.00,88.77,73.71,50.56,0.00,2004-05-18,2004-05-24,1
20040511,AZ,0.00,100.00,88.77,73.71,50.56,0.00,2004-05-11,2004-05-17,1
20040504,AZ,0.00,100.00,88.77,73.71,50.56,0.00,2004-05-04,2004-05-10,1
20040427,AZ,0.00,100.00,88.77,73.71,49.54,0.00,2004-04-27,2004-05-03,1
20040420,AZ,0.00,100.00,88.77,73.71,49.54,0.00,2004-04-20,2004-04-26,1
20040413,AZ,0.00,100.00,88.77,73.71,49.54,0.00,2004-04-13,2004-04-19,1
20040406,AZ,0.00,100.00,86.77,67.09,43.01,0.00,2004-04-06,2004-04-12,1
20040330,AZ,0.00,100.00,90.04,74.17,53.81,1.29,2004-03-30,2004-04-05,1
20040323,AZ,0.00,100.00,90.04,71.09,46.69,1.29,2004-03-23,2004-03-29,1
20040316,AZ,0.00,100.00,90.04,71.09,43.72,1.29,2004-03-16,2004-03-22,1
20040309,AZ,0.00,100.00,90.04,71.09,43.72,1.29,2004-03-09,2004-03-15,1
20040302,AZ,0.00,100.00,84.66,66.17,35.66,1.38,2004-03-02,2004-03-08,1
20040224,AZ,0.00,100.00,84.66,67.55,37.47,2.57,2004-02-24,2004-03-01,1
20040217,AZ,0.00,100.00,84.66,67.55,37.47,2.57,2004-02-17,2004-02-23,1
20040210,AZ,0.00,100.00,84.66,67.55,37.50,2.57,2004-02-10,2004-02-16,1
20040203,AZ,0.00,100.00,84.66,67.55,37.50,2.57,2004-02-03,2004-02-09,1
20040127,AZ,0.00,100.00,82.56,60.94,37.72,2.57,2004-01-27,2004-02-02,1
20040120,AZ,0.00,100.00,95.76,65.85,38.88,2.29,2004-01-20,2004-01-26,1
20040113,AZ,0.00,100.00,87.59,66.67,39.40,2.29,2004-01-13,2004-01-19,1
20040106,AZ,0.00,100.00,85.10,60.80,38.51,2.29,2004-01-06,2004-01-12,1
20031230,AZ,0.00,100.00,84.88,61.65,39.91,3.10,2003-12-30,2004-01-05,1
20031223,AZ,0.00,100.00,85.76,60.69,35.76,3.06,2003-12-23,2003-12-29,1
20031216,AZ,0.00,100.00,83.63,53.07,29.66,1.93,2003-12-16,2003-12-22,1
20031209,AZ,0.00,100.00,83.39,50.91,29.36,2.01,2003-12-09,2003-12-15,1
20031202,AZ,0.00,100.00,83.90,51.84,29.83,1.94,2003-12-02,2003-12-08,1
20031125,AZ,0.00,100.00,83.61,52.20,30.25,2.03,2003-11-25,2003-12-01,1
20031118,AZ,0.00,100.00,83.79,52.22,29.07,1.67,2003-11-18,2003-11-24,1
20031111,AZ,0.00,100.00,92.97,62.80,31.88,1.67,2003-11-11,2003-11-17,1
20031104,AZ,0.00,100.00,93.33,63.44,31.99,1.42,2003-11-04,2003-11-10,1
20031028,AZ,0.00,100.00,92.65,62.50,31.95,1.54,2003-10-28,2003-11-03,1
20031021,AZ,0.00,100.00,93.63,62.99,23.47,1.59,2003-10-21,2003-10-27,1
20031014,AZ,0.00,100.00,91.42,61.12,25.52,2.08,2003-10-14,2003-10-20,1
20031007,AZ,0.00,100.00,91.98,64.31,23.71,1.86,2003-10-07,2003-10-13,1
20030930,AZ,0.00,100.00,91.52,62.43,25.65,3.16,2003-09-30,2003-10-06,1
20030923,AZ,0.00,100.00,100.00,69.26,27.45,3.35,2003-09-23,2003-09-29,1
20030916,AZ,0.00,100.00,100.00,68.63,27.15,2.91,2003-09-16,2003-09-22,1
20030909,AZ,0.00,100.00,100.00,70.23,40.67,5.96,2003-09-09,2003-09-15,1
20030902,AZ,0.00,100.00,100.00,81.16,43.86,5.43,2003-09-02,2003-09-08,1
20030826,AZ,0.00,100.00,99.99,80.56,44.02,5.95,2003-08-26,2003-09-01,1
20030819,AZ,0.00,100.00,100.00,80.45,43.42,5.86,2003-08-19,2003-08-25,1
20030812,AZ,0.00,100.00,100.00,82.58,50.45,5.68,2003-08-12,2003-08-18,1
20030805,AZ,0.00,100.00,100.00,83.42,50.28,6.45,2003-08-05,2003-08-11,1
20030729,AZ,0.00,100.00,100.00,94.91,58.02,5.44,2003-07-29,2003-08-04,1
20030722,AZ,0.00,100.00,100.00,99.50,61.91,7.09,2003-07-22,2003-07-28,1
20030715,AZ,0.00,100.00,100.00,99.28,58.64,4.14,2003-07-15,2003-07-21,1
20030708,AZ,0.00,100.00,100.00,96.35,41.17,4.24,2003-07-08,2003-07-14,1
20030701,AZ,0.00,100.00,100.00,96.26,33.57,3.94,2003-07-01,2003-07-07,1
20030624,AZ,0.00,100.00,100.00,88.16,34.63,4.08,2003-06-24,2003-06-30,1
20030617,AZ,0.00,100.00,100.00,87.36,34.29,4.06,2003-06-17,2003-06-23,1
20030610,AZ,0.00,100.00,100.00,88.72,33.19,4.11,2003-06-10,2003-06-16,1
20030603,AZ,0.00,100.00,100.00,88.41,32.94,0.00,2003-06-03,2003-06-09,1
20030527,AZ,0.00,100.00,100.00,89.07,33.04,0.00,2003-05-27,2003-06-02,1
20030520,AZ,0.00,100.00,100.00,88.80,32.45,0.00,2003-05-20,2003-05-26,1
20030513,AZ,0.00,100.00,100.00,72.03,33.39,0.00,2003-05-13,2003-05-19,1
20030506,AZ,0.00,100.00,100.00,71.52,29.11,0.00,2003-05-06,2003-05-12,1
20030429,AZ,0.00,100.00,100.00,71.40,28.75,0.00,2003-04-29,2003-05-05,1
20030422,AZ,0.00,100.00,100.00,71.08,28.62,0.00,2003-04-22,2003-04-28,1
20030415,AZ,0.00,100.00,100.00,69.28,26.54,0.00,2003-04-15,2003-04-21,1
20030408,AZ,0.00,100.00,100.00,68.41,28.01,0.00,2003-04-08,2003-04-14,1
20030401,AZ,0.00,100.00,100.00,68.95,28.78,0.00,2003-04-01,2003-04-07,1
20030325,AZ,0.00,100.00,100.00,69.54,28.63,0.00,2003-03-25,2003-03-31,1
20030318,AZ,0.00,100.00,100.00,68.91,27.77,0.00,2003-03-18,2003-03-24,1
20030311,AZ,0.00,100.00,100.00,68.43,28.25,0.00,2003-03-11,2003-03-17,1
20030304,AZ,0.00,100.00,100.00,68.67,37.31,0.00,2003-03-04,2003-03-10,1
20030225,AZ,0.00,100.00,100.00,92.14,59.37,6.92,2003-02-25,2003-03-03,1
20030218,AZ,0.00,100.00,100.00,91.90,59.83,6.93,2003-02-18,2003-02-24,1
20030211,AZ,0.00,100.00,100.00,95.67,62.57,11.83,2003-02-11,2003-02-17,1
20030204,AZ,0.00,100.00,100.00,92.52,62.41,12.00,2003-02-04,2003-02-10,1
20030128,AZ,0.00,100.00,100.00,92.70,62.52,11.97,2003-01-28,2003-02-03,1
20030121,AZ,0.00,100.00,100.00,92.47,67.07,10.72,2003-01-21,2003-01-27,1
20030114,AZ,0.00,100.00,100.00,92.57,68.92,11.73,2003-01-14,2003-01-20,1
20030107,AZ,0.00,100.00,100.00,89.84,63.55,11.75,2003-01-07,2003-01-13,1
20021231,AZ,0.00,100.00,100.00,89.86,61.55,11.88,2002-12-31,2003-01-06,1
20021224,AZ,0.00,100.00,100.00,90.47,60.79,11.70,2002-12-24,2002-12-30,1
20021217,AZ,0.00,100.00,100.00,90.88,61.68,11.64,2002-12-17,2002-12-23,1
20021210,AZ,0.00,100.00,100.00,90.34,60.64,11.52,2002-12-10,2002-12-16,1
20021203,AZ,0.00,100.00,100.00,90.35,59.47,10.37,2002-12-03,2002-12-09,1
20021126,AZ,0.00,100.00,100.00,90.23,60.50,11.03,2002-11-26,2002-12-02,1
20021119,AZ,0.00,100.00,100.00,90.46,60.62,11.11,2002-11-19,2002-11-25,1
20021112,AZ,0.00,100.00,100.00,90.69,60.50,10.93,2002-11-12,2002-11-18,1
20021105,AZ,0.00,100.00,100.00,91.76,63.02,13.30,2002-11-05,2002-11-11,1
20021029,AZ,0.00,100.00,100.00,91.25,63.31,13.66,2002-10-29,2002-11-04,1
20021022,AZ,0.00,100.00,100.00,92.17,61.29,13.48,2002-10-22,2002-10-28,1
20021015,AZ,0.00,100.00,100.00,92.21,60.92,12.92,2002-10-15,2002-10-21,1
20021008,AZ,0.00,100.00,100.00,92.14,61.03,13.32,2002-10-08,2002-10-14,1
20021001,AZ,0.00,100.00,100.00,96.59,59.71,16.26,2002-10-01,2002-10-07,1
20020924,AZ,0.00,100.00,100.00,96.63,58.08,17.16,2002-09-24,2002-09-30,1
20020917,AZ,0.00,100.00,100.00,97.17,59.24,19.00,2002-09-17,2002-09-23,1
20020910,AZ,0.00,100.00,100.00,98.03,58.68,20.15,2002-09-10,2002-09-16,1
20020903,AZ,0.00,100.00,100.00,98.09,66.41,24.54,2002-09-03,2002-09-09,1
20020827,AZ,0.00,100.00,100.00,98.06,66.12,24.80,2002-08-27,2002-09-02,1
20020820,AZ,0.00,100.00,100.00,97.97,66.41,24.83,2002-08-20,2002-08-26,1
20020813,AZ,0.00,100.00,100.00,98.14,66.61,25.22,2002-08-13,2002-08-19,1
20020806,AZ,0.00,100.00,100.00,97.92,65.83,24.51,2002-08-06,2002-08-12,1
20020730,AZ,0.00,100.00,100.00,100.00,84.64,31.72,2002-07-30,2002-08-05,1
20020723,AZ,0.00,100.00,100.00,100.00,100.00,35.77,2002-07-23,2002-07-29,1
20020716,AZ,0.00,100.00,100.00,100.00,100.00,35.65,2002-07-16,2002-07-22,1
20020709,AZ,0.00,100.00,100.00,100.00,95.96,36.15,2002-07-09,2002-07-15,1
20020702,AZ,0.00,100.00,100.00,100.00,93.27,36.04,2002-07-02,2002-07-08,1
20020625,AZ,0.00,100.00,100.00,100.00,92.92,35.12,2002-06-25,2002-07-01,1
20020618,AZ,0.00,100.00,100.00,100.00,89.92,22.29,2002-06-18,2002-06-24,1
20020611,AZ,0.00,100.00,100.00,100.00,89.43,19.61,2002-06-11,2002-06-17,1
20020604,AZ,0.00,100.00,100.00,100.00,89.10,19.60,2002-06-04,2002-06-10,1
20020528,AZ,0.00,100.00,100.00,100.00,89.27,19.53,2002-05-28,2002-06-03,1
20020521,AZ,0.00,100.00,100.00,100.00,83.65,0.00,2002-05-21,2002-05-27,1
20020514,AZ,0.00,100.00,100.00,100.00,84.35,0.00,2002-05-14,2002-05-20,1
20020507,AZ,0.00,100.00,100.00,100.00,39.88,0.00,2002-05-07,2002-05-13,1
20020430,AZ,0.00,100.00,100.00,100.00,39.11,0.00,2002-04-30,2002-05-06,1
20020423,AZ,0.00,100.00,100.00,84.33,5.54,0.00,2002-04-23,2002-04-29,1
20020416,AZ,0.00,100.00,100.00,82.74,0.00,0.00,2002-04-16,2002-04-22,1
20020409,AZ,0.00,100.00,100.00,76.14,0.00,0.00,2002-04-09,2002-04-15,1
20020402,AZ,0.00,100.00,100.00,72.00,0.00,0.00,2002-04-02,2002-04-08,1
20020326,AZ,0.00,100.00,97.90,41.94,0.00,0.00,2002-03-26,2002-04-01,1
20020319,AZ,0.00,100.00,97.03,2.05,0.00,0.00,2002-03-19,2002-03-25,1
20020312,AZ,0.00,100.00,95.92,0.24,0.00,0.00,2002-03-12,2002-03-18,1
20020305,AZ,0.00,100.00,22.55,0.00,0.00,0.00,2002-03-05,2002-03-11,1
20020226,AZ,0.00,100.00,22.97,0.00,0.00,0.00,2002-02-26,2002-03-04,1
20020219,AZ,11.74,88.26,22.78,0.00,0.00,0.00,2002-02-19,2002-02-25,1
20020212,AZ,10.95,89.05,23.09,0.00,0.00,0.00,2002-02-12,2002-02-18,1
20020205,AZ,41.26,58.74,2.20,0.00,0.00,0.00,2002-02-05,2002-02-11,1
20020129,AZ,49.49,50.51,0.00,0.00,0.00,0.00,2002-01-29,2002-02-04,1
20020122,AZ,49.08,50.92,0.00,0.00,0.00,0.00,2002-01-22,2002-01-28,1
20020115,AZ,57.86,42.14,0.00,0.00,0.00,0.00,2002-01-15,2002-01-21,1
20020108,AZ,100.00,0.00,0.00,0.00,0.00,0.00,2002-01-08,2002-01-14,1
20020101,AZ,100.00,0.00,0.00,0.00,0.00,0.00,2002-01-01,2002-01-07,1
20011225,AZ,100.00,0.00,0.00,0.00,0.00,0.00,2001-12-25,2001-12-31,1
20011218,AZ,100.00,0.00,0.00,0.00,0.00,0.00,2001-12-18,2001-12-24,1
20011211,AZ,100.00,0.00,0.00,0.00,0.00,0.00,2001-12-11,2001-12-17,1
20011204,AZ,100.00,0.00,0.00,0.00,0.00,0.00,2001-12-04,2001-12-10,1
20011127,AZ,100.00,0.00,0.00,0.00,0.00,0.00,2001-11-27,2001-12-03,1
20011120,AZ,100.00,0.00,0.00,0.00,0.00,0.00,2001-11-20,2001-11-26,1
20011113,AZ,99.96,0.04,0.00,0.00,0.00,0.00,2001-11-13,2001-11-19,1
20011106,AZ,99.96,0.04,0.00,0.00,0.00,0.00,2001-11-06,2001-11-12,1
20011030,AZ,100.00,0.00,0.00,0.00,0.00,0.00,2001-10-30,2001-11-05,1
20011023,AZ,100.00,0.00,0.00,0.00,0.00,0.00,2001-10-23,2001-10-29,1
20011016,AZ,100.00,0.00,0.00,0.00,0.00,0.00,2001-10-16,2001-10-22,1
20011009,AZ,100.00,0.00,0.00,0.00,0.00,0.00,2001-10-09,2001-10-15,1
20011002,AZ,100.00,0.00,0.00,0.00,0.00,0.00,2001-10-02,2001-10-08,1
20010925,AZ,100.00,0.00,0.00,0.00,0.00,0.00,2001-09-25,2001-10-01,1
20010918,AZ,100.00,0.00,0.00,0.00,0.00,0.00,2001-09-18,2001-09-24,1
20010911,AZ,100.00,0.00,0.00,0.00,0.00,0.00,2001-09-11,2001-09-17,1
20010904,AZ,100.00,0.00,0.00,0.00,0.00,0.00,2001-09-04,2001-09-10,1
20010828,AZ,100.00,0.00,0.00,0.00,0.00,0.00,2001-08-28,2001-09-03,1
20010821,AZ,100.00,0.00,0.00,0.00,0.00,0.00,2001-08-21,2001-08-27,1
20010814,AZ,100.00,0.00,0.00,0.00,0.00,0.00,2001-08-14,2001-08-20,1
20010807,AZ,100.00,0.00,0.00,0.00,0.00,0.00,2001-08-07,2001-08-13,1
20010731,AZ,100.00,0.00,0.00,0.00,0.00,0.00,2001-07-31,2001-08-06,1
20010724,AZ,100.00,0.00,0.00,0.00,0.00,0.00,2001-07-24,2001-07-30,1
20010717,AZ,100.00,0.00,0.00,0.00,0.00,0.00,2001-07-17,2001-07-23,1
20010710,AZ,100.00,0.00,0.00,0.00,0.00,0.00,2001-07-10,2001-07-16,1
20010703,AZ,67.10,32.90,0.00,0.00,0.00,0.00,2001-07-03,2001-07-09,1
20010626,AZ,69.38,30.62,0.00,0.00,0.00,0.00,2001-06-26,2001-07-02,1
20010619,AZ,69.38,30.62,0.00,0.00,0.00,0.00,2001-06-19,2001-06-25,1
20010612,AZ,100.00,0.00,0.00,0.00,0.00,0.00,2001-06-12,2001-06-18,1
20010605,AZ,100.00,0.00,0.00,0.00,0.00,0.00,2001-06-05,2001-06-11,1
20010529,AZ,100.00,0.00,0.00,0.00,0.00,0.00,2001-05-29,2001-06-04,1
20010522,AZ,100.00,0.00,0.00,0.00,0.00,0.00,2001-05-22,2001-05-28,1
20010515,AZ,100.00,0.00,0.00,0.00,0.00,0.00,2001-05-15,2001-05-21,1
20010508,AZ,100.00,0.00,0.00,0.00,0.00,0.00,2001-05-08,2001-05-14,1
20010501,AZ,100.00,0.00,0.00,0.00,0.00,0.00,2001-05-01,2001-05-07,1
20010424,AZ,100.00,0.00,0.00,0.00,0.00,0.00,2001-04-24,2001-04-30,1
20010417,AZ,100.00,0.00,0.00,0.00,0.00,0.00,2001-04-17,2001-04-23,1
20010410,AZ,100.00,0.00,0.00,0.00,0.00,0.00,2001-04-10,2001-04-16,1
20010403,AZ,100.00,0.00,0.00,0.00,0.00,0.00,2001-04-03,2001-04-09,1
20010327,AZ,100.00,0.00,0.00,0.00,0.00,0.00,2001-03-27,2001-04-02,1
20010320,AZ,100.00,0.00,0.00,0.00,0.00,0.00,2001-03-20,2001-03-26,1
20010313,AZ,100.00,0.00,0.00,0.00,0.00,0.00,2001-03-13,2001-03-19,1
20010306,AZ,100.00,0.00,0.00,0.00,0.00,0.00,2001-03-06,2001-03-12,1
20010227,AZ,100.00,0.00,0.00,0.00,0.00,0.00,2001-02-27,2001-03-05,1
20010220,AZ,100.00,0.00,0.00,0.00,0.00,0.00,2001-02-20,2001-02-26,1
20010213,AZ,100.00,0.00,0.00,0.00,0.00,0.00,2001-02-13,2001-02-19,1
20010206,AZ,100.00,0.00,0.00,0.00,0.00,0.00,2001-02-06,2001-02-12,1
20010130,AZ,100.00,0.00,0.00,0.00,0.00,0.00,2001-01-30,2001-02-05,1
20010123,AZ,100.00,0.00,0.00,0.00,0.00,0.00,2001-01-23,2001-01-29,1
20010116,AZ,100.00,0.00,0.00,0.00,0.00,0.00,2001-01-16,2001-01-22,1
20010109,AZ,89.62,10.38,0.00,0.00,0.00,0.00,2001-01-09,2001-01-15,1
20010102,AZ,100.00,0.00,0.00,0.00,0.00,0.00,2001-01-02,2001-01-08,1
20001226,AZ,100.00,0.00,0.00,0.00,0.00,0.00,2000-12-26,2001-01-01,1
20001219,AZ,100.00,0.00,0.00,0.00,0.00,0.00,2000-12-19,2000-12-25,1
20001212,AZ,100.00,0.00,0.00,0.00,0.00,0.00,2000-12-12,2000-12-18,1
20001205,AZ,100.00,0.00,0.00,0.00,0.00,0.00,2000-12-05,2000-12-11,1
20001128,AZ,100.00,0.00,0.00,0.00,0.00,0.00,2000-11-28,2000-12-04,1
20001121,AZ,100.00,0.00,0.00,0.00,0.00,0.00,2000-11-21,2000-11-27,1
20001114,AZ,100.00,0.00,0.00,0.00,0.00,0.00,2000-11-14,2000-11-20,1
20001107,AZ,100.00,0.00,0.00,0.00,0.00,0.00,2000-11-07,2000-11-13,1
20001031,AZ,91.44,8.56,0.00,0.00,0.00,0.00,2000-10-31,2000-11-06,1
20001024,AZ,57.18,42.82,8.89,0.00,0.00,0.00,2000-10-24,2000-10-30,1
20001017,AZ,28.88,71.12,23.28,1.94,0.00,0.00,2000-10-17,2000-10-23,1
20001010,AZ,0.27,99.73,32.91,6.64,0.00,0.00,2000-10-10,2000-10-16,1
20001003,AZ,0.27,99.73,32.99,2.26,0.00,0.00,2000-10-03,2000-10-09,1
20000926,AZ,13.61,86.39,16.03,2.26,0.00,0.00,2000-09-26,2000-10-02,1
20000919,AZ,25.16,74.84,8.92,2.26,0.00,0.00,2000-09-19,2000-09-25,1
20000912,AZ,25.16,74.84,8.92,2.26,0.00,0.00,2000-09-12,2000-09-18,1
20000905,AZ,25.16,74.84,8.92,2.26,0.00,0.00,2000-09-05,2000-09-11,1
20000829,AZ,24.80,75.20,26.03,3.93,0.00,0.00,2000-08-29,2000-09-04,1
20000822,AZ,23.67,76.33,31.05,8.60,0.00,0.00,2000-08-22,2000-08-28,1
20000815,AZ,19.45,80.55,28.99,9.27,0.00,0.00,2000-08-15,2000-08-21,1
20000808,AZ,0.00,100.00,20.15,0.00,0.00,0.00,2000-08-08,2000-08-14,1
20000801,AZ,6.95,93.05,10.12,0.00,0.00,0.00,2000-08-01,2000-08-07,1
20000725,AZ,6.95,93.05,8.00,0.00,0.00,0.00,2000-07-25,2000-07-31,1
20000718,AZ,14.27,85.73,0.40,0.00,0.00,0.00,2000-07-18,2000-07-24,1
20000711,AZ,50.66,49.34,0.42,0.00,0.00,0.00,2000-07-11,2000-07-17,1
20000704,AZ,50.83,49.17,0.00,0.00,0.00,0.00,2000-07-04,2000-07-10,1
20000627,AZ,17.80,82.20,51.92,7.46,0.00,0.00,2000-06-27,2000-07-03,1
20000620,AZ,17.80,82.20,50.60,6.22,0.00,0.00,2000-06-20,2000-06-26,1
20000613,AZ,18.51,81.49,50.60,6.22,0.00,0.00,2000-06-13,2000-06-19,1
20000606,AZ,17.42,82.58,48.64,6.22,0.00,0.00,2000-06-06,2000-06-12,1
20000530,AZ,22.51,77.49,39.56,6.22,0.00,0.00,2000-05-30,2000-06-05,1
20000523,AZ,22.49,77.51,32.63,6.22,0.00,0.00,2000-05-23,2000-05-29,1
20000516,AZ,23.15,76.85,32.63,6.22,0.00,0.00,2000-05-16,2000-05-22,1
20000509,AZ,49.39,50.61,24.73,0.00,0.00,0.00,2000-05-09,2000-05-15,1
20000502,AZ,51.32,48.68,21.65,0.00,0.00,0.00,2000-05-02,2000-05-08,1
20000425,AZ,62.82,37.18,10.03,0.00,0.00,0.00,2000-04-25,2000-05-01,1
20000418,AZ,59.88,40.12,10.03,0.00,0.00,0.00,2000-04-18,2000-04-24,1
20000411,AZ,61.93,38.07,13.56,0.00,0.00,0.00,2000-04-11,2000-04-17,1
20000404,AZ,61.97,38.03,13.11,0.00,0.00,0.00,2000-04-04,2000-04-10,1
20000328,AZ,58.70,41.30,7.48,0.00,0.00,0.00,2000-03-28,2000-04-03,1
20000321,AZ,56.09,43.91,8.02,0.00,0.00,0.00,2000-03-21,2000-03-27,1
20000314,AZ,56.09,43.91,8.02,0.00,0.00,0.00,2000-03-14,2000-03-20,1
20000307,AZ,23.60,76.40,33.39,0.00,0.00,0.00,2000-03-07,2000-03-13,1
20000229,AZ,16.01,83.99,36.67,0.00,0.00,0.00,2000-02-29,2000-03-06,1
20000222,AZ,5.10,94.90,37.50,0.00,0.00,0.00,2000-02-22,2000-02-28,1
20000215,AZ,0.00,100.00,37.50,0.00,0.00,0.00,2000-02-15,2000-02-21,1
20000208,AZ,0.00,100.00,0.00,0.00,0.00,0.00,2000-02-08,2000-02-14,1
20000201,AZ,0.00,100.00,0.00,0.00,0.00,0.00,2000-02-01,2000-02-07,1
20000125,AZ,0.00,100.00,0.00,0.00,0.00,0.00,2000-01-25,2000-01-31,1
20000118,AZ,0.00,100.00,0.00,0.00,0.00,0.00,2000-01-18,2000-01-24,1
20000111,AZ,0.00,100.00,0.00,0.00,0.00,0.00,2000-01-11,2000-01-17,1
20000104,AZ,39.54,60.46,0.00,0.00,0.00,0.00,2000-01-04,2000-01-10,1
